{
    "__createdwith": "opl's Model Creator",
    "ambientocclusion": false,
    "textures": {
        "lights": "block/halloween_lights2",
        "particle": "block/halloween_lights2"
    },
    "elements": [
        {
            "from": [0,11,15],
            "to": [16,16,15],
            "faces": {
                "north": {
                    "uv": [0,0,16,5],
                    "texture": "#lights"
                }
            }
        },
        {
            "from": [0,15,15],
            "to": [1,16,16],
            "faces": {
                "up": {
                    "uv": [0,0,1,1],
                    "texture": "#lights"
                },
                "down": {
                    "uv": [0,0,1,1],
                    "texture": "#lights"
                },
                "west": {
                    "texture": "#lights"
                },
                "east": {
                    "uv": [0,0,1,1],
                    "texture": "#lights"
                }
            }
        },
        {
            "from": [6,12,15],
            "to": [10,13,16],
            "faces": {
                "up": {
                    "uv": [6,3,10,4],
                    "texture": "#lights"
                },
                "down": {
                    "uv": [6,3,10,4],
                    "texture": "#lights"
                },
                "west": {
                    "uv": [6,3,7,4],
                    "texture": "#lights"
                },
                "east": {
                    "uv": [9,3,10,4],
                    "texture": "#lights"
                }
            }
        },
        {
            "from": [3,13,15],
            "to": [6,14,16],
            "faces": {
                "up": {
                    "uv": [3,2,6,3],
                    "texture": "#lights"
                },
                "down": {
                    "uv": [3,2,6,3],
                    "texture": "#lights"
                },
                "west": {
                    "uv": [3,2,4,3],
                    "texture": "#lights"
                },
                "east": {
                    "uv": [5,2,6,3],
                    "texture": "#lights"
                }
            }
        },
        {
            "from": [1,14,15],
            "to": [3,15,16],
            "faces": {
                "up": {
                    "uv": [1,1,3,2],
                    "texture": "#lights"
                },
                "down": {
                    "uv": [1,1,3,2],
                    "texture": "#lights"
                },
                "west": {
                    "uv": [1,1,2,2],
                    "texture": "#lights"
                },
                "east": {
                    "uv": [2,1,3,2],
                    "texture": "#lights"
                }
            }
        },
        {
            "from": [10,13,15],
            "to": [13,14,16],
            "faces": {
                "up": {
                    "uv": [10,2,13,3],
                    "texture": "#lights"
                },
                "down": {
                    "uv": [10,2,13,3],
                    "texture": "#lights"
                },
                "west": {
                    "uv": [10,2,11,3],
                    "texture": "#lights"
                },
                "east": {
                    "uv": [12,2,13,3],
                    "texture": "#lights"
                }
            }
        },
        {
            "from": [13,14,15],
            "to": [15,15,16],
            "faces": {
                "up": {
                    "uv": [13,1,15,2],
                    "texture": "#lights"
                },
                "down": {
                    "uv": [13,1,15,2],
                    "texture": "#lights"
                },
                "west": {
                    "uv": [13,1,14,2],
                    "texture": "#lights"
                },
                "east": {
                    "uv": [14,1,15,2],
                    "texture": "#lights"
                }
            }
        },
        {
            "from": [15,15,15],
            "to": [16,16,16],
            "faces": {
                "up": {
                    "uv": [15,0,16,1],
                    "texture": "#lights"
                },
                "down": {
                    "uv": [15,0,16,1],
                    "texture": "#lights"
                },
                "west": {
                    "texture": "#lights"
                },
                "east": {
                    "texture": "#lights"
                }
            }
        },
        {
            "from": [2,15,15],
            "to": [3,16,16],
            "faces": {
                "up": {
                    "uv": [13,0,14,1],
                    "texture": "#lights"
                },
                "west": {
                    "uv": [13,0,14,1],
                    "texture": "#lights"
                },
                "east": {
                    "uv": [13,0,14,1],
                    "texture": "#lights"
                }
            }
        },
        {
            "from": [1,13,15],
            "to": [2,14,16],
            "faces": {
                "down": {
                    "uv": [14,2,15,3],
                    "texture": "#lights"
                },
                "west": {
                    "uv": [14,2,15,3],
                    "texture": "#lights"
                },
                "east": {
                    "uv": [14,2,15,3],
                    "texture": "#lights"
                }
            }
        },
        {
            "from": [5,14,15],
            "to": [6,15,16],
            "faces": {
                "up": {
                    "uv": [10,1,11,2],
                    "texture": "#lights"
                },
                "west": {
                    "uv": [10,1,11,2],
                    "texture": "#lights"
                },
                "east": {
                    "uv": [10,1,11,2],
                    "texture": "#lights"
                }
            }
        },
        {
            "from": [8,13,15],
            "to": [9,14,16],
            "faces": {
                "up": {
                    "uv": [7,2,8,3],
                    "texture": "#lights"
                },
                "west": {
                    "uv": [7,2,8,3],
                    "texture": "#lights"
                },
                "east": {
                    "uv": [7,2,8,3],
                    "texture": "#lights"
                }
            }
        },
        {
            "from": [11,14,15],
            "to": [12,15,16],
            "faces": {
                "up": {
                    "uv": [4,1,5,2],
                    "texture": "#lights"
                },
                "west": {
                    "uv": [4,1,5,2],
                    "texture": "#lights"
                },
                "east": {
                    "uv": [4,1,5,2],
                    "texture": "#lights"
                }
            }
        },
        {
            "from": [13,15,15],
            "to": [14,16,16],
            "faces": {
                "up": {
                    "uv": [2,0,3,1],
                    "texture": "#lights"
                },
                "west": {
                    "uv": [2,0,3,1],
                    "texture": "#lights"
                },
                "east": {
                    "uv": [2,0,3,1],
                    "texture": "#lights"
                }
            }
        },
        {
            "from": [4,12,15],
            "to": [5,13,16],
            "faces": {
                "down": {
                    "uv": [11,3,12,4],
                    "texture": "#lights"
                },
                "west": {
                    "uv": [11,3,12,4],
                    "texture": "#lights"
                },
                "east": {
                    "uv": [11,3,12,4],
                    "texture": "#lights"
                }
            }
        },
        {
            "from": [7,11,15],
            "to": [8,12,16],
            "faces": {
                "down": {
                    "uv": [8,4,9,5],
                    "texture": "#lights"
                },
                "west": {
                    "uv": [8,4,9,5],
                    "texture": "#lights"
                },
                "east": {
                    "uv": [8,4,9,5],
                    "texture": "#lights"
                }
            }
        },
        {
            "from": [10,11,15],
            "to": [11,12,16],
            "faces": {
                "up": {
                    "uv": [5,4,6,5],
                    "texture": "#lights"
                },
                "down": {
                    "uv": [5,4,6,5],
                    "texture": "#lights"
                },
                "west": {
                    "uv": [5,4,6,5],
                    "texture": "#lights"
                },
                "east": {
                    "uv": [5,4,6,5],
                    "texture": "#lights"
                }
            }
        },
        {
            "from": [12,12,15],
            "to": [13,13,16],
            "faces": {
                "down": {
                    "uv": [3,3,4,4],
                    "texture": "#lights"
                },
                "west": {
                    "uv": [3,3,4,4],
                    "texture": "#lights"
                },
                "east": {
                    "uv": [3,3,4,4],
                    "texture": "#lights"
                }
            }
        },
        {
            "from": [15,13,15],
            "to": [16,14,16],
            "faces": {
                "up": {
                    "uv": [0,2,1,3],
                    "texture": "#lights"
                },
                "down": {
                    "uv": [0,2,1,3],
                    "texture": "#lights"
                },
                "west": {
                    "uv": [14,2,15,3],
                    "texture": "#lights"
                },
                "east": {
                    "uv": [0,2,1,3],
                    "texture": "#lights"
                }
            }
        }
    ]
}