{
    "__createdwith": "opl's Model Creator",
    "parent": "block/block",
    "ambientocclusion": false,
    "textures": {
        "small_pumpkin": "block/small_pumpkin",
        "particle": "block/small_pumpkin",
        "small_carved_pumpkin": "block/small_carved_pumpkin"
    },
    "elements": [
        {
            "from": [4,0,4],
            "to": [12,8,12],
            "faces": {
                "up": {
                    "uv": [8,8,16,16],
                    "texture": "#small_pumpkin"
                },
                "down": {
                    "uv": [8,8,16,16],
                    "texture": "#small_pumpkin"
                },
                "west": {
                    "uv": [0,0,8,8],
                    "texture": "#small_carved_pumpkin"
                },
                "east": {
                    "uv": [0,0,8,8],
                    "texture": "#small_pumpkin"
                },
                "north": {
                    "uv": [0,0,8,8],
                    "texture": "#small_pumpkin"
                },
                "south": {
                    "uv": [0,0,8,8],
                    "texture": "#small_pumpkin"
                }
            }
        },
        {
            "from": [6,0,12],
            "to": [8,2,14],
            "faces": {
                "up": {
                    "uv": [0,8,2,10],
                    "texture": "#small_pumpkin"
                },
                "down": {
                    "uv": [5,12,7,14],
                    "texture": "#small_pumpkin"
                },
                "west": {
                    "uv": [8,2,10,4],
                    "texture": "#small_pumpkin"
                },
                "south": {
                    "uv": [10,2,12,4],
                    "texture": "#small_pumpkin"
                }
            }
        },
        {
            "from": [8,0,12],
            "to": [11,3,14],
            "faces": {
                "up": {
                    "uv": [8,9,5,11],
                    "texture": "#small_pumpkin"
                },
                "down": {
                    "uv": [3,10,6,12],
                    "texture": "#small_pumpkin"
                },
                "west": {
                    "uv": [10,1,12,4],
                    "texture": "#small_pumpkin"
                },
                "east": {
                    "uv": [13,4,15,1],
                    "texture": "#small_pumpkin"
                },
                "south": {
                    "uv": [4,12,7,15],
                    "texture": "#small_pumpkin"
                }
            }
        },
        {
            "from": [12,0,3],
            "to": [13,2,7],
            "faces": {
                "up": {
                    "uv": [12,2,13,6],
                    "texture": "#small_pumpkin"
                },
                "down": {
                    "uv": [7,8,8,12],
                    "texture": "#small_pumpkin"
                },
                "east": {
                    "uv": [0,13,4,11],
                    "texture": "#small_pumpkin"
                },
                "north": {
                    "uv": [12,3,13,5],
                    "texture": "#small_pumpkin"
                },
                "south": {
                    "uv": [15,0,16,2],
                    "texture": "#small_pumpkin"
                }
            }
        },
        {
            "from": [9,0,2],
            "to": [12,3,4],
            "faces": {
                "up": {
                    "uv": [4,12,7,14],
                    "texture": "#small_pumpkin"
                },
                "down": {
                    "uv": [3,13,6,15],
                    "texture": "#small_pumpkin"
                },
                "west": {
                    "uv": [2,12,4,9],
                    "texture": "#small_pumpkin"
                },
                "east": {
                    "uv": [11,4,13,7],
                    "texture": "#small_pumpkin"
                },
                "north": {
                    "uv": [5,12,8,9],
                    "texture": "#small_pumpkin"
                }
            }
        },
        {
            "from": [7,0,3],
            "to": [9,1,4],
            "faces": {
                "up": {
                    "uv": [8,3,10,4],
                    "texture": "#small_pumpkin"
                },
                "down": {
                    "uv": [8,3,10,4],
                    "texture": "#small_pumpkin"
                },
                "west": {
                    "uv": [11,1,12,2],
                    "texture": "#small_pumpkin"
                },
                "north": {
                    "uv": [10,0,12,1],
                    "texture": "#small_pumpkin"
                }
            }
        }
    ]
}