{"stats":{"minecraft:custom":{"minecraft:time_since_rest":1062175,"minecraft:sprint_one_cm":354499,"minecraft:walk_one_cm":1074149,"minecraft:drop":8,"minecraft:fly_one_cm":7062522,"minecraft:tune_noteblock":16032,"minecraft:crouch_one_cm":386742,"minecraft:play_one_minute":1062175,"minecraft:sneak_time":138549,"minecraft:jump":6746,"minecraft:leave_game":57,"minecraft:time_since_death":1062175},"minecraft:dropped":{"minecraft:note_block":4,"minecraft:oak_button":2,"minecraft:pink_wool":1,"minecraft:blue_wool":1},"minecraft:used":{"minecraft:lever":38,"minecraft:packed_ice":54,"minecraft:black_wool":273,"minecraft:stripped_jungle_log":1,"minecraft:red_wool":521,"minecraft:stripped_birch_log":1,"minecraft:dead_horn_coral_block":64,"minecraft:brown_wool":479,"minecraft:redstone":586,"minecraft:oak_button":121,"minecraft:lime_wool":97,"minecraft:oak_planks":136,"minecraft:stone_button":10,"minecraft:green_wool":89,"minecraft:blue_wool":248,"minecraft:blackstone":233,"minecraft:stone":2,"minecraft:clay":108,"minecraft:pink_wool":188,"minecraft:yellow_wool":266,"minecraft:white_wool":492,"minecraft:mossy_cobblestone":1,"minecraft:repeater":2834,"minecraft:dirt":1248,"minecraft:sand":257,"minecraft:cobblestone":19,"minecraft:magenta_wool":73,"minecraft:light_blue_wool":8,"minecraft:birch_sign":47,"minecraft:orange_wool":246,"minecraft:note_block":4353,"minecraft:infested_stone_bricks":1,"minecraft:cyan_wool":363,"minecraft:warped_planks":2,"minecraft:purple_wool":127},"minecraft:picked_up":{"minecraft:blue_wool":1,"minecraft:repeater":7,"minecraft:pink_wool":1,"minecraft:note_block":4,"minecraft:redstone":1,"minecraft:oak_button":3}},"DataVersion":2584}