{
    "textures": {
        "particle": "blocks/brewing_stand",
        "0": "blocks/traffic_cone_orange",
        "1": "blocks/traffic_cone_white",
        "2": "blocks/hardened_clay_stained_black",
        "3": "blocks/Tripwire"
    },
    "elements": [
        {
            "name": "Layer 1",
            "from": [ 4.200000017881393, 1.0, 4.200000017881393 ], 
            "to": [ 11.800000011920929, 3.999999985098839, 11.800000011920929 ], 
            "faces": {
                "north": { "texture": "#0", "uv": [ 0.0, 0.0, 10.0, 4.0 ] },
                "east": { "texture": "#0", "uv": [ 0.0, 0.0, 10.0, 4.0 ] },
                "south": { "texture": "#0", "uv": [ 0.0, 0.0, 10.0, 4.0 ] },
                "west": { "texture": "#0", "uv": [ 0.0, 0.0, 10.0, 4.0 ] },
                "up": { "texture": "#0", "uv": [ 0.0, 0.0, 10.0, 10.0 ] },
                "down": { "texture": "#0", "uv": [ 0.0, 0.0, 10.0, 10.0 ] }
            }
        },
        {
            "name": "Layer 2",
            "from": [ 4.900000013411045, 3.999999985098839, 4.899999998509884 ], 
            "to": [ 11.100000016391277, 6.999999970197678, 11.100000001490116 ], 
            "faces": {
                "north": { "texture": "#1", "uv": [ 6.0, 0.0, 14.0, 4.0 ] },
                "east": { "texture": "#1", "uv": [ 4.0, 0.0, 12.0, 4.0 ] },
                "south": { "texture": "#1", "uv": [ 4.0, 0.0, 12.0, 4.0 ] },
                "west": { "texture": "#1", "uv": [ 4.0, 0.0, 12.0, 4.0 ] },
                "up": { "texture": "#1", "uv": [ 4.0, 0.0, 12.0, 8.0 ] },
                "down": { "texture": "#1", "uv": [ 0.0, 0.0, 8.0, 8.0 ] }
            }
        },
        {
            "name": "Layer 3",
            "from": [ 5.5999999940395355, 7.0, 5.5999999940395355 ], 
            "to": [ 10.399999991059303, 9.999999985098839, 10.399999991059303 ], 
            "faces": {
                "north": { "texture": "#0", "uv": [ 0.0, 0.0, 6.0, 4.0 ] },
                "east": { "texture": "#0", "uv": [ 0.0, 0.0, 6.0, 4.0 ] },
                "south": { "texture": "#0", "uv": [ 0.0, 0.0, 6.0, 4.0 ] },
                "west": { "texture": "#0", "uv": [ 0.0, 0.0, 6.0, 4.0 ] },
                "up": { "texture": "#0", "uv": [ 0.0, 0.0, 6.0, 6.0 ] },
                "down": { "texture": "#0", "uv": [ 0.0, 0.0, 6.0, 6.0 ] }
            }
        },
        {
            "name": "Base Upper",
            "from": [ 3.2000000029802322, 0.4999999925494194, 3.2000000029802322 ], 
            "to": [ 12.800000011920929, 0.9999999850988388, 12.800000011920929 ], 
            "faces": {
                "north": { "texture": "#2", "uv": [ 0.0, 0.0, 12.0, 1.0 ] },
                "east": { "texture": "#2", "uv": [ 0.0, 0.0, 12.0, 1.0 ] },
                "south": { "texture": "#2", "uv": [ 0.0, 0.0, 12.0, 1.0 ] },
                "west": { "texture": "#2", "uv": [ 0.0, 0.0, 12.0, 1.0 ] },
                "up": { "texture": "#2", "uv": [ 0.0, 0.0, 12.0, 12.0 ] },
                "down": { "texture": "#2", "uv": [ 0.0, 0.0, 12.0, 12.0 ] }
            }
        },
        {
            "name": "Layer 4",
            "from": [ 6.299999989569187, 9.999999985098839, 6.299999989569187 ], 
            "to": [ 9.69999998062849, 12.999999970197678, 9.69999998062849 ], 
            "faces": {
                "north": { "texture": "#1", "uv": [ 4.0, 6.0, 8.0, 10.0 ] },
                "east": { "texture": "#1", "uv": [ 4.0, 6.0, 8.0, 10.0 ] },
                "south": { "texture": "#1", "uv": [ 4.0, 6.0, 8.0, 10.0 ] },
                "west": { "texture": "#1", "uv": [ 4.0, 6.0, 8.0, 10.0 ] },
                "up": { "texture": "#1", "uv": [ 4.0, 0.0, 8.0, 4.0 ] },
                "down": { "texture": "#1", "uv": [ 0.0, 0.0, 4.0, 4.0 ] }
            }
        },
        {
            "name": "Layer 5",
            "from": [ 7.0, 13.0, 7.0 ], 
            "to": [ 9.0, 15.999999985098839, 9.0 ], 
            "faces": {
                "north": { "texture": "#0", "uv": [ 0.0, 0.0, 2.0, 4.0 ] },
                "east": { "texture": "#0", "uv": [ 0.0, 0.0, 2.0, 4.0 ] },
                "south": { "texture": "#0", "uv": [ 0.0, 0.0, 2.0, 4.0 ] },
                "west": { "texture": "#0", "uv": [ 0.0, 0.0, 2.0, 4.0 ] },
                "up": { "texture": "#0", "uv": [ 0.0, 0.0, 2.0, 2.0 ] },
                "down": { "texture": "#0", "uv": [ 0.0, 0.0, 2.0, 2.0 ] }
            }
        },
        {
            "name": "Foot",
            "from": [ 4.0, 0.0, 4.0 ], 
            "to": [ 5.0, 0.4999999925494194, 5.0 ], 
            "faces": {
                "north": { "texture": "#3", "uv": [ 0.0, 0.0, 1.0, 0.4999999925494194 ] },
                "east": { "texture": "#3", "uv": [ 0.0, 0.0, 1.0, 0.4999999925494194 ] },
                "south": { "texture": "#3", "uv": [ 0.0, 0.0, 1.0, 0.4999999925494194 ] },
                "west": { "texture": "#3", "uv": [ 0.0, 0.0, 1.0, 0.4999999925494194 ] },
                "up": { "texture": "#3", "uv": [ 0.0, 0.0, 1.0, 1.0 ] },
                "down": { "texture": "#3", "uv": [ 0.0, 0.0, 1.0, 1.0 ] }
            }
        },
        {
            "name": "Foot",
            "from": [ 11.0, 0.0, 4.0 ], 
            "to": [ 12.0, 0.4999999925494194, 5.0 ], 
            "faces": {
                "north": { "texture": "#3", "uv": [ 0.0, 0.0, 1.0, 0.4999999925494194 ] },
                "east": { "texture": "#3", "uv": [ 0.0, 0.0, 1.0, 0.4999999925494194 ] },
                "south": { "texture": "#3", "uv": [ 0.0, 0.0, 1.0, 0.4999999925494194 ] },
                "west": { "texture": "#3", "uv": [ 0.0, 0.0, 1.0, 0.4999999925494194 ] },
                "up": { "texture": "#3", "uv": [ 0.0, 0.0, 1.0, 1.0 ] },
                "down": { "texture": "#3", "uv": [ 0.0, 0.0, 1.0, 1.0 ] }
            }
        },
        {
            "name": "Foot",
            "from": [ 11.0, 0.0, 11.0 ], 
            "to": [ 12.0, 0.4999999925494194, 12.0 ], 
            "faces": {
                "north": { "texture": "#3", "uv": [ 0.0, 0.0, 1.0, 0.4999999925494194 ] },
                "east": { "texture": "#3", "uv": [ 0.0, 0.0, 1.0, 0.4999999925494194 ] },
                "south": { "texture": "#3", "uv": [ 0.0, 0.0, 1.0, 0.4999999925494194 ] },
                "west": { "texture": "#3", "uv": [ 0.0, 0.0, 1.0, 0.4999999925494194 ] },
                "up": { "texture": "#3", "uv": [ 0.0, 0.0, 1.0, 1.0 ] },
                "down": { "texture": "#3", "uv": [ 0.0, 0.0, 1.0, 1.0 ] }
            }
        },
        {
            "name": "Foot",
            "from": [ 4.0, 0.0, 11.0 ], 
            "to": [ 5.0, 0.4999999925494194, 12.0 ], 
            "faces": {
                "north": { "texture": "#3", "uv": [ 0.0, 0.0, 1.0, 0.4999999925494194 ] },
                "east": { "texture": "#3", "uv": [ 0.0, 0.0, 1.0, 0.4999999925494194 ] },
                "south": { "texture": "#3", "uv": [ 0.0, 0.0, 1.0, 0.4999999925494194 ] },
                "west": { "texture": "#3", "uv": [ 0.0, 0.0, 1.0, 0.4999999925494194 ] },
                "up": { "texture": "#3", "uv": [ 0.0, 0.0, 1.0, 1.0 ] },
                "down": { "texture": "#3", "uv": [ 0.0, 0.0, 1.0, 1.0 ] }
            }
        },
        {
            "name": "Foot",
            "from": [ 7.499999992549419, 0.0, 11.0 ], 
            "to": [ 8.49999999254942, 0.4999999925494194, 12.0 ], 
            "faces": {
                "north": { "texture": "#3", "uv": [ 0.0, 0.0, 1.0, 0.4999999925494194 ] },
                "east": { "texture": "#3", "uv": [ 0.0, 0.0, 1.0, 0.4999999925494194 ] },
                "south": { "texture": "#3", "uv": [ 0.0, 0.0, 1.0, 0.4999999925494194 ] },
                "west": { "texture": "#3", "uv": [ 0.0, 0.0, 1.0, 0.4999999925494194 ] },
                "up": { "texture": "#3", "uv": [ 0.0, 0.0, 1.0, 1.0 ] },
                "down": { "texture": "#3", "uv": [ 0.0, 0.0, 1.0, 1.0 ] }
            }
        },
        {
            "name": "Foot",
            "from": [ 7.499999992549419, 0.0, 4.0 ], 
            "to": [ 8.49999999254942, 0.4999999925494194, 5.0 ], 
            "faces": {
                "north": { "texture": "#3", "uv": [ 0.0, 0.0, 1.0, 0.4999999925494194 ] },
                "east": { "texture": "#3", "uv": [ 0.0, 0.0, 1.0, 0.4999999925494194 ] },
                "south": { "texture": "#3", "uv": [ 0.0, 0.0, 1.0, 0.4999999925494194 ] },
                "west": { "texture": "#3", "uv": [ 0.0, 0.0, 1.0, 0.4999999925494194 ] },
                "up": { "texture": "#3", "uv": [ 0.0, 0.0, 1.0, 1.0 ] },
                "down": { "texture": "#3", "uv": [ 0.0, 0.0, 1.0, 1.0 ] }
            }
        },
        {
            "name": "Foot",
            "from": [ 11.0, 0.0, 7.500000007450581 ], 
            "to": [ 12.0, 0.4999999925494194, 8.50000000745058 ], 
            "faces": {
                "north": { "texture": "#3", "uv": [ 0.0, 0.0, 1.0, 0.4999999925494194 ] },
                "east": { "texture": "#3", "uv": [ 0.0, 0.0, 1.0, 0.4999999925494194 ] },
                "south": { "texture": "#3", "uv": [ 0.0, 0.0, 1.0, 0.4999999925494194 ] },
                "west": { "texture": "#3", "uv": [ 0.0, 0.0, 1.0, 0.4999999925494194 ] },
                "up": { "texture": "#3", "uv": [ 0.0, 0.0, 1.0, 1.0 ] },
                "down": { "texture": "#3", "uv": [ 0.0, 0.0, 1.0, 1.0 ] }
            }
        },
        {
            "name": "Foot",
            "from": [ 4.0, 0.0, 7.500000007450581 ], 
            "to": [ 5.0, 0.4999999925494194, 8.50000000745058 ], 
            "faces": {
                "north": { "texture": "#3", "uv": [ 0.0, 0.0, 1.0, 0.4999999925494194 ] },
                "east": { "texture": "#3", "uv": [ 0.0, 0.0, 1.0, 0.4999999925494194 ] },
                "south": { "texture": "#3", "uv": [ 0.0, 0.0, 1.0, 0.4999999925494194 ] },
                "west": { "texture": "#3", "uv": [ 0.0, 0.0, 1.0, 0.4999999925494194 ] },
                "up": { "texture": "#3", "uv": [ 0.0, 0.0, 1.0, 1.0 ] },
                "down": { "texture": "#3", "uv": [ 0.0, 0.0, 1.0, 1.0 ] }
            }
        }
    ]
}