{
"ambientocclusion": false,
    "textures": {
        "particle": "blocks/ladder",
        "0": "blocks/ladder_side",
        "1": "blocks/hay_block_side"
    },
    "elements": [
        {
            "name": "Support Right",
            "from": [ 2.0, 0.0, 14.50000000745058 ], 
            "to": [ 3.0, 16.0, 15.50000000745058 ], 
            "faces": {
                "north": { "texture": "#0", "uv": [ 0.0, 0.0, 1.0, 16.0 ] },
                "east": { "texture": "#0", "uv": [ 0.0, 0.0, 1.0, 16.0 ] },
                "south": { "texture": "#0", "uv": [ 0.0, 0.0, 1.0, 16.0 ] },
                "west": { "texture": "#0", "uv": [ 0.0, 0.0, 1.0, 16.0 ] },
                "up": { "texture": "#0", "uv": [ 0.0, 0.0, 1.0, 1.0 ] },
                "down": { "texture": "#0", "uv": [ 0.0, 0.0, 1.0, 1.0 ] }
            }
        },
        {
            "name": "Support Left",
            "from": [ 13.0, 0.0, 14.50000000745058 ], 
            "to": [ 14.0, 16.0, 15.50000000745058 ], 
            "faces": {
                "north": { "texture": "#0", "uv": [ 0.0, 0.0, 1.0, 16.0 ] },
                "east": { "texture": "#0", "uv": [ 0.0, 0.0, 1.0, 16.0 ] },
                "south": { "texture": "#0", "uv": [ 0.0, 0.0, 1.0, 16.0 ] },
                "west": { "texture": "#0", "uv": [ 0.0, 0.0, 1.0, 16.0 ] },
                "up": { "texture": "#0", "uv": [ 0.0, 0.0, 1.0, 1.0 ] },
                "down": { "texture": "#0", "uv": [ 0.0, 0.0, 1.0, 1.0 ] }
            }
        },
        {
            "name": "Lower Rung",
            "from": [ 3.0, 2.2000000029802322, 14.699999995529652 ], 
            "to": [ 13.0, 2.7999999970197678, 15.299999989569187 ], 
            "faces": {
                "north": { "texture": "#1", "uv": [ 0.0, 0.0, 8.0, 15.999999994039534 ], "rotation": 90 },
                "east": { "texture": "#0", "uv": [ 0.0, 0.0, 0.5999999940395355, 0.5999999940395355 ] },
                "south": { "texture": "#1", "uv": [ 0.0, 0.0, 8.0, 15.999999994039534 ], "rotation": 90 },
                "west": { "texture": "#0", "uv": [ 0.0, 0.0, 0.5999999940395355, 0.5999999940395355 ] },
                "up": { "texture": "#1", "uv": [ 0.0, 0.0, 8.0, 15.999999994039534 ], "rotation": 90 },
                "down": { "texture": "#1", "uv": [ 0.0, 0.0, 8.0, 15.999999994039534 ], "rotation": 90 }
            }
        },
        {
            "name": "Upper Rung",
            "from": [ 3.0, 13.200000002980232, 14.700000010430813 ], 
            "to": [ 13.0, 13.799999997019768, 15.300000004470348 ], 
            "faces": {
                "north": { "texture": "#1", "uv": [ 0.0, 0.0, 8.0, 15.999999994039536 ], "rotation": 90 },
                "east": { "texture": "#0", "uv": [ 0.0, 0.0, 0.5999999940395355, 0.5999999940395355 ] },
                "south": { "texture": "#1", "uv": [ 0.0, 0.0, 8.0, 15.999999994039529 ], "rotation": 90 },
                "west": { "texture": "#0", "uv": [ 0.0, 0.0, 0.5999999940395355, 0.5999999940395355 ] },
                "up": { "texture": "#1", "uv": [ 0.0, 0.0, 8.0, 15.999999994039536 ], "rotation": 90 },
                "down": { "texture": "#1", "uv": [ 0.0, 0.0, 8.0, 15.999999994039536 ], "rotation": 90 }
            }
        },
        {
            "name": "Middle Rung",
            "from": [ 3.0, 7.699999995529652, 14.700000010430813 ], 
            "to": [ 13.0, 8.299999989569187, 15.300000004470348 ], 
            "faces": {
                "north": { "texture": "#1", "uv": [ 0.0, 0.0, 8.0, 15.999999994039536 ], "rotation": 90 },
                "east": { "texture": "#0", "uv": [ 0.0, 0.0, 0.5999999940395355, 0.5999999940395355 ] },
                "south": { "texture": "#1", "uv": [ 0.0, 0.0, 8.0, 15.999999994039536 ], "rotation": 90 },
                "west": { "texture": "#0", "uv": [ 0.0, 0.0, 0.5999999940395355, 0.5999999940395355 ] },
                "up": { "texture": "#1", "uv": [ 0.0, 0.0, 8.0, 15.999999994039536 ], "rotation": 90 },
                "down": { "texture": "#1", "uv": [ 0.0, 0.0, 8.0, 15.999999994039536 ], "rotation": 90 }
            }
        },
        {
            "name": "Cube",
            "from": [ 2.0, 7.000000014901161, 15.800000011920929 ], 
            "to": [ 3.0, 9.000000014901161, 16.0 ], 
            "faces": {
                "north": { "texture": "#0", "uv": [ 0.0, 0.0, 1.0, 2.0 ] },
                "east": { "texture": "#0", "uv": [ 0.0, 0.0, 0.19999998807907104, 2.0 ] },
                "south": { "texture": "#0", "uv": [ 0.0, 0.0, 1.0, 2.0 ] },
                "west": { "texture": "#0", "uv": [ 0.0, 0.0, 0.19999998807907104, 2.0 ] },
                "up": { "texture": "#0", "uv": [ 0.0, 0.0, 1.0, 0.19999998807907104 ] },
                "down": { "texture": "#0", "uv": [ 0.0, 0.0, 1.0, 0.19999998807907104 ] }
            }
        },
        {
            "name": "Cube",
            "from": [ 13.0, 7.000000014901161, 15.800000011920929 ], 
            "to": [ 14.0, 9.000000014901161, 16.0 ], 
            "faces": {
                "north": { "texture": "#0", "uv": [ 0.0, 0.0, 1.0, 2.0 ] },
                "east": { "texture": "#0", "uv": [ 0.0, 0.0, 0.19999998807907104, 2.0 ] },
                "south": { "texture": "#0", "uv": [ 0.0, 0.0, 1.0, 2.0 ] },
                "west": { "texture": "#0", "uv": [ 0.0, 0.0, 0.19999998807907104, 2.0 ] },
                "up": { "texture": "#0", "uv": [ 0.0, 0.0, 1.0, 0.19999998807907104 ] },
                "down": { "texture": "#0", "uv": [ 0.0, 0.0, 1.0, 0.19999998807907104 ] }
            }
        },
        {
            "name": "Cube",
            "from": [ 2.2000000029802322, 7.299999974668026, 15.50000000745058 ], 
            "to": [ 2.7999999970197678, 8.69999998062849, 15.799999997019768 ], 
            "faces": {
                "north": { "texture": "#0", "uv": [ 0.0, 0.0, 0.5999999940395355, 1.4000000059604645 ] },
                "east": { "texture": "#0", "uv": [ 0.0, 0.0, 0.29999998956918716, 1.4000000059604645 ] },
                "south": { "texture": "#0", "uv": [ 0.0, 0.0, 0.5999999940395355, 1.4000000059604645 ] },
                "west": { "texture": "#0", "uv": [ 0.0, 0.0, 0.29999998956918716, 1.4000000059604645 ] },
                "up": { "texture": "#0", "uv": [ 0.0, 0.0, 0.5999999940395355, 0.29999998956918716 ] },
                "down": { "texture": "#0", "uv": [ 0.0, 0.0, 0.5999999940395355, 0.29999998956918716 ] }
            }
        },
        {
            "name": "Cube",
            "from": [ 13.200000002980232, 7.299999974668026, 15.50000000745058 ], 
            "to": [ 13.799999997019768, 8.69999998062849, 15.799999997019768 ], 
            "faces": {
                "north": { "texture": "#0", "uv": [ 0.0, 0.0, 0.5999999940395355, 1.4000000059604645 ] },
                "east": { "texture": "#0", "uv": [ 0.0, 0.0, 0.29999998956918716, 1.4000000059604645 ] },
                "south": { "texture": "#0", "uv": [ 0.0, 0.0, 0.5999999940395355, 1.4000000059604645 ] },
                "west": { "texture": "#0", "uv": [ 0.0, 0.0, 0.29999998956918716, 1.4000000059604645 ] },
                "up": { "texture": "#0", "uv": [ 0.0, 0.0, 0.5999999940395355, 0.29999998956918716 ] },
                "down": { "texture": "#0", "uv": [ 0.0, 0.0, -8.400000005960464, 15.299999989569187 ] }
            }
        }
    ]
}