{"stats":{"minecraft:picked_up":{"minecraft:repeater":1,"minecraft:oak_sign":1,"minecraft:iron_ingot":191,"minecraft:poppy":36,"minecraft:redstone":5,"minecraft:writable_book":1,"minecraft:iron_block":23},"minecraft:dropped":{"minecraft:iron_ingot":383,"minecraft:anvil":64,"minecraft:pink_carpet":64,"minecraft:orange_wool":64,"minecraft:poppy":17,"minecraft:wooden_axe":1,"minecraft:hopper":64,"minecraft:chest":66,"minecraft:writable_book":1},"minecraft:killed":{"minecraft:phantom":1,"minecraft:zombie":2},"minecraft:used":{"minecraft:oak_fence":4,"minecraft:oak_trapdoor":6,"minecraft:water_bucket":85,"minecraft:writable_book":5,"minecraft:dropper":39,"minecraft:carved_pumpkin":9,"minecraft:smooth_quartz_slab":58,"minecraft:red_stained_glass":35,"minecraft:redstone":40,"minecraft:dispenser":1,"minecraft:polished_andesite":28,"minecraft:oak_sign":94,"minecraft:chest":75,"minecraft:stone":4,"minecraft:zombie_spawn_egg":39,"minecraft:composter":6,"minecraft:spruce_sign":32,"minecraft:spruce_fence_gate":86,"minecraft:orange_stained_glass":52,"minecraft:white_wool":1,"minecraft:torch":10,"minecraft:anvil":2,"minecraft:comparator":8,"minecraft:white_carpet":8,"minecraft:crafting_table":2,"minecraft:hopper":191,"minecraft:cobblestone_wall":9,"minecraft:orange_wool":2,"minecraft:white_bed":115,"minecraft:sponge":1,"minecraft:pink_carpet":2,"minecraft:oak_fence_gate":350,"minecraft:redstone_torch":6,"minecraft:sticky_piston":3,"minecraft:glass":1470,"minecraft:wooden_axe":4,"minecraft:lever":1,"minecraft:honey_block":2,"minecraft:packed_ice":13,"minecraft:activator_rail":9,"minecraft:lava_bucket":9,"minecraft:chipped_anvil":1,"minecraft:villager_spawn_egg":166,"minecraft:quartz_slab":52,"minecraft:yellow_stained_glass":281,"minecraft:iron_block":750,"minecraft:stone_button":3,"minecraft:lectern":1,"minecraft:diorite_wall":26,"minecraft:diamond_sword":3,"minecraft:repeater":10,"minecraft:smooth_stone_slab":34,"minecraft:trapped_chest":5,"minecraft:husk_spawn_egg":1,"minecraft:observer":16,"minecraft:splash_potion":13},"minecraft:custom":{"minecraft:inspect_dropper":64,"minecraft:mob_kills":4,"minecraft:interact_with_anvil":3,"minecraft:inspect_hopper":140,"minecraft:interact_with_crafting_table":1,"minecraft:play_one_minute":707653,"minecraft:leave_game":8,"minecraft:time_since_death":707459,"minecraft:time_since_rest":707543,"minecraft:walk_one_cm":20282,"minecraft:sprint_one_cm":675,"minecraft:damage_taken":240,"minecraft:drop":16,"minecraft:damage_dealt":673,"minecraft:fly_one_cm":1217347,"minecraft:open_chest":61,"minecraft:crouch_one_cm":8365,"minecraft:deaths":1,"minecraft:sneak_time":59055,"minecraft:walk_under_water_one_cm":331,"minecraft:interact_with_lectern":1,"minecraft:jump":88,"minecraft:walk_on_water_one_cm":8107,"minecraft:inspect_dispenser":1}},"DataVersion":2567}