{"stats":{"minecraft:custom":{"minecraft:jump":209,"minecraft:time_since_rest":140513,"minecraft:inspect_hopper":14,"minecraft:inspect_dropper":21,"minecraft:crouch_one_cm":78,"minecraft:leave_game":5,"minecraft:sprint_one_cm":15930,"minecraft:play_time":140513,"minecraft:time_since_death":140513,"minecraft:walk_one_cm":16579,"minecraft:sneak_time":5782,"minecraft:total_world_time":153563,"minecraft:fly_one_cm":483325},"minecraft:used":{"minecraft:redstone_torch":2,"minecraft:oak_sign":4,"minecraft:white_wool":1,"minecraft:repeater":5,"minecraft:redstone":1}},"DataVersion":2975}