{
    "__createdwith": "opl's Model Creator",
    "ambientocclusion": false,
    "parent": "block/orientable",
    "textures": {
        "purple": "block/purple_concrete",
        "glass": "block/orange_concrete_powder",
        "light_Grey": "block/light_gray_concrete",
        "particle": "block/black_concrete",
        "portal": "block/nether_portal",
        "Grey": "block/gray_concrete"
    },
    "elements": [
        {
            "from": [2,0,2],
            "to": [14,3,14],
            "faces": {
                "up": {
                    "texture": "#Grey"
                },
                "down": {
                    "texture": "#Grey",
                    "cullface": "down"
                },
                "west": {
                    "texture": "#Grey"
                },
                "east": {
                    "texture": "#Grey"
                },
                "north": {
                    "texture": "#Grey"
                },
                "south": {
                    "uv": [2,13,14,16],
                    "texture": "#Grey"
                }
            }
        },
        {
            "from": [1,3,1],
            "to": [15,5,15],
            "faces": {
                "up": {
                    "texture": "#Grey"
                },
                "down": {
                    "texture": "#Grey"
                },
                "west": {
                    "texture": "#Grey"
                },
                "east": {
                    "texture": "#Grey"
                },
                "north": {
                    "texture": "#Grey"
                },
                "south": {
                    "uv": [1,11,15,13],
                    "texture": "#Grey"
                }
            }
        },
        {
            "from": [13,5,1],
            "to": [15,7,15],
            "faces": {
                "up": {
                    "texture": "#Grey"
                },
                "down": {
                    "texture": "#Grey"
                },
                "west": {
                    "texture": "#Grey"
                },
                "east": {
                    "texture": "#Grey"
                },
                "north": {
                    "texture": "#Grey"
                },
                "south": {
                    "texture": "#Grey"
                }
            }
        },
        {
            "from": [1,5,1],
            "to": [3,7,15],
            "faces": {
                "up": {
                    "texture": "#Grey"
                },
                "down": {
                    "texture": "#Grey"
                },
                "west": {
                    "texture": "#Grey"
                },
                "east": {
                    "texture": "#Grey"
                },
                "north": {
                    "texture": "#Grey"
                },
                "south": {
                    "texture": "#Grey"
                }
            }
        },
        {
            "from": [3,5,13],
            "to": [13,7,15],
            "faces": {
                "up": {
                    "texture": "#Grey"
                },
                "down": {
                    "texture": "#Grey"
                },
                "west": {
                    "uv": [8,7,10,14],
                    "texture": "#Grey"
                },
                "east": {
                    "uv": [9,5,11,12],
                    "texture": "#Grey"
                },
                "north": {
                    "uv": [4,10,14,12],
                    "texture": "#Grey"
                },
                "south": {
                    "uv": [3,10,13,12],
                    "texture": "#Grey"
                }
            }
        },
        {
            "from": [3,5,1],
            "to": [13,7,3],
            "faces": {
                "up": {
                    "texture": "#Grey"
                },
                "down": {
                    "texture": "#Grey"
                },
                "west": {
                    "uv": [8,7,10,14],
                    "texture": "#Grey"
                },
                "east": {
                    "uv": [9,5,11,12],
                    "texture": "#Grey"
                },
                "north": {
                    "uv": [4,10,14,12],
                    "texture": "#Grey"
                },
                "south": {
                    "uv": [3,10,13,12],
                    "texture": "#Grey"
                }
            }
        },
        {
            "from": [6,7,13],
            "to": [10,11,16],
            "faces": {
                "up": {
                    "texture": "#glass"
                },
                "down": {
                    "uv": [6,0,10,3],
                    "texture": "#glass"
                },
                "west": {
                    "texture": "#glass"
                },
                "east": {
                    "uv": [0,7,3,11],
                    "texture": "#glass"
                },
                "north": {
                    "texture": "#glass"
                },
                "south": {
                    "uv": [2,2,6,6],
                    "texture": "#glass"
                }
            }
        },
        {
            "from": [6,7,0],
            "to": [10,11,3],
            "faces": {
                "up": {
                    "texture": "#glass"
                },
                "down": {
                    "uv": [6,13,10,16],
                    "texture": "#glass"
                },
                "west": {
                    "texture": "#glass"
                },
                "east": {
                    "uv": [13,6,16,10],
                    "texture": "#glass"
                },
                "north": {
                    "uv": [2,2,6,6],
                    "texture": "#glass"
                },
                "south": {
                    "texture": "#glass"
                }
            }
        },
        {
            "from": [0,7,6],
            "to": [3,11,10],
            "faces": {
                "up": {
                    "texture": "#glass"
                },
                "down": {
                    "uv": [0,5,3,9],
                    "texture": "#glass"
                },
                "west": {
                    "uv": [10,10,14,14],
                    "texture": "#glass"
                },
                "east": {
                    "texture": "#glass"
                },
                "north": {
                    "uv": [13,5,16,9],
                    "texture": "#glass"
                },
                "south": {
                    "texture": "#glass"
                }
            }
        },
        {
            "from": [13,7,6],
            "to": [16,11,10],
            "faces": {
                "up": {
                    "uv": [13,6,16,10],
                    "texture": "#glass"
                },
                "down": {
                    "texture": "#glass"
                },
                "west": {
                    "texture": "#glass"
                },
                "east": {
                    "uv": [10,10,14,14],
                    "texture": "#glass"
                },
                "north": {
                    "uv": [0,5,3,9],
                    "texture": "#glass"
                },
                "south": {
                    "texture": "#glass"
                }
            }
        },
        {
            "from": [3,11,1],
            "to": [13,14,3],
            "faces": {
                "up": {
                    "texture": "#Grey"
                },
                "down": {
                    "texture": "#Grey"
                },
                "west": {
                    "uv": [8,7,10,14],
                    "texture": "#Grey"
                },
                "east": {
                    "uv": [9,5,11,12],
                    "texture": "#Grey"
                },
                "north": {
                    "uv": [4,9,14,12],
                    "texture": "#Grey"
                },
                "south": {
                    "uv": [3,9,13,12],
                    "texture": "#Grey"
                }
            }
        },
        {
            "from": [3,11,13],
            "to": [13,14,15],
            "faces": {
                "up": {
                    "texture": "#Grey"
                },
                "down": {
                    "texture": "#Grey"
                },
                "west": {
                    "uv": [8,7,10,14],
                    "texture": "#Grey"
                },
                "east": {
                    "uv": [9,5,11,12],
                    "texture": "#Grey"
                },
                "north": {
                    "uv": [4,9,14,12],
                    "texture": "#Grey"
                },
                "south": {
                    "uv": [3,9,13,12],
                    "texture": "#Grey"
                }
            }
        },
        {
            "from": [1,11,1],
            "to": [3,14,15],
            "faces": {
                "up": {
                    "texture": "#Grey"
                },
                "down": {
                    "texture": "#Grey"
                },
                "west": {
                    "texture": "#Grey"
                },
                "east": {
                    "texture": "#Grey"
                },
                "north": {
                    "texture": "#Grey"
                },
                "south": {
                    "texture": "#Grey"
                }
            }
        },
        {
            "from": [13,11,1],
            "to": [15,14,15],
            "faces": {
                "up": {
                    "texture": "#Grey"
                },
                "down": {
                    "texture": "#Grey"
                },
                "west": {
                    "texture": "#Grey"
                },
                "east": {
                    "texture": "#Grey"
                },
                "north": {
                    "texture": "#Grey"
                },
                "south": {
                    "texture": "#Grey"
                }
            }
        },
        {
            "from": [13,7,10],
            "to": [15,11,15],
            "faces": {
                "west": {
                    "uv": [3,2,8,6],
                    "texture": "#purple"
                },
                "east": {
                    "uv": [2,7,7,11],
                    "texture": "#purple"
                },
                "north": {
                    "texture": "#purple"
                },
                "south": {
                    "uv": [0,2,2,6],
                    "texture": "#purple"
                }
            }
        },
        {
            "from": [13,7,1],
            "to": [15,11,6],
            "faces": {
                "west": {
                    "uv": [3,2,8,6],
                    "texture": "#purple"
                },
                "east": {
                    "uv": [2,7,7,11],
                    "texture": "#purple"
                },
                "north": {
                    "texture": "#purple"
                },
                "south": {
                    "uv": [0,2,2,6],
                    "texture": "#purple"
                }
            }
        },
        {
            "from": [1,7,10],
            "to": [3,11,15],
            "faces": {
                "west": {
                    "uv": [3,2,8,6],
                    "texture": "#purple"
                },
                "east": {
                    "uv": [2,7,7,11],
                    "texture": "#purple"
                },
                "north": {
                    "texture": "#purple"
                },
                "south": {
                    "uv": [0,2,2,6],
                    "texture": "#purple"
                }
            }
        },
        {
            "from": [1,7,1],
            "to": [3,11,6],
            "faces": {
                "west": {
                    "uv": [3,2,8,6],
                    "texture": "#purple"
                },
                "east": {
                    "uv": [2,7,7,11],
                    "texture": "#purple"
                },
                "north": {
                    "texture": "#purple"
                },
                "south": {
                    "uv": [0,2,2,6],
                    "texture": "#purple"
                }
            }
        },
        {
            "from": [3,7,1],
            "to": [6,11,3],
            "faces": {
                "east": {
                    "texture": "#purple"
                },
                "north": {
                    "texture": "#purple"
                },
                "south": {
                    "texture": "#purple"
                }
            }
        },
        {
            "from": [3,7,13],
            "to": [6,11,15],
            "faces": {
                "east": {
                    "texture": "#purple"
                },
                "north": {
                    "texture": "#purple"
                },
                "south": {
                    "texture": "#purple"
                }
            }
        },
        {
            "from": [10,7,13],
            "to": [13,11,15],
            "faces": {
                "west": {
                    "texture": "#purple"
                },
                "north": {
                    "texture": "#purple"
                },
                "south": {
                    "texture": "#purple"
                }
            }
        },
        {
            "from": [10,7,1],
            "to": [13,11,3],
            "faces": {
                "west": {
                    "texture": "#purple"
                },
                "north": {
                    "texture": "#purple"
                },
                "south": {
                    "texture": "#purple"
                }
            }
        }
    ]
}