{"stats":{"minecraft:picked_up":{"minecraft:leather":3,"minecraft:beef":1,"minecraft:poppy":1,"minecraft:oak_sapling":1},"minecraft:killed":{"minecraft:creeper":1,"minecraft:shulker":1,"minecraft:mule":1,"minecraft:donkey":1,"minecraft:cow":1},"minecraft:used":{"minecraft:spider_spawn_egg":1,"minecraft:turtle_spawn_egg":1,"minecraft:netherite_sword":16,"minecraft:cow_spawn_egg":2,"minecraft:trader_llama_spawn_egg":1,"minecraft:snow_block":2,"minecraft:carved_pumpkin":3,"minecraft:witch_spawn_egg":1,"minecraft:elder_guardian_spawn_egg":1,"minecraft:pufferfish_spawn_egg":2,"minecraft:zombie_villager_spawn_egg":1,"minecraft:axolotl_spawn_egg":2,"minecraft:donkey_spawn_egg":2,"minecraft:fox_spawn_egg":1,"minecraft:stone":13,"minecraft:zombie_spawn_egg":1,"minecraft:wither_skeleton_spawn_egg":1,"minecraft:sheep_spawn_egg":1,"minecraft:parrot_spawn_egg":1,"minecraft:llama_spawn_egg":1,"minecraft:vindicator_spawn_egg":1,"minecraft:horse_spawn_egg":1,"minecraft:oak_leaves":88,"minecraft:bee_spawn_egg":2,"minecraft:mooshroom_spawn_egg":1,"minecraft:rabbit_spawn_egg":1,"minecraft:anvil":1,"minecraft:stray_spawn_egg":1,"minecraft:skeleton_spawn_egg":1,"minecraft:strider_spawn_egg":1,"minecraft:phantom_spawn_egg":1,"minecraft:cave_spider_spawn_egg":1,"minecraft:mule_spawn_egg":2,"minecraft:polar_bear_spawn_egg":1,"minecraft:skeleton_horse_spawn_egg":1,"minecraft:shulker_spawn_egg":2,"minecraft:endermite_spawn_egg":1,"minecraft:squid_spawn_egg":1,"minecraft:bat_spawn_egg":1,"minecraft:creeper_spawn_egg":2,"minecraft:wandering_trader_spawn_egg":1,"minecraft:glow_squid_spawn_egg":1,"minecraft:oak_log":2,"minecraft:enderman_spawn_egg":1,"minecraft:ravager_spawn_egg":1,"minecraft:ghast_spawn_egg":1,"minecraft:villager_spawn_egg":1,"minecraft:grass_block":109,"minecraft:iron_block":8,"minecraft:panda_spawn_egg":1,"minecraft:pig_spawn_egg":1,"minecraft:chicken_spawn_egg":1,"minecraft:tropical_fish_spawn_egg":2,"minecraft:cat_spawn_egg":1,"minecraft:magma_cube_spawn_egg":2,"minecraft:slime_spawn_egg":2,"minecraft:blaze_spawn_egg":1,"minecraft:evoker_spawn_egg":1,"minecraft:ocelot_spawn_egg":1,"minecraft:dolphin_spawn_egg":1,"minecraft:cod_spawn_egg":2,"minecraft:guardian_spawn_egg":1,"minecraft:wolf_spawn_egg":1,"minecraft:salmon_spawn_egg":2,"minecraft:drowned_spawn_egg":1,"minecraft:minecart":1,"minecraft:goat_spawn_egg":1,"minecraft:husk_spawn_egg":1,"minecraft:zombified_piglin_spawn_egg":1,"minecraft:pillager_spawn_egg":1,"minecraft:zoglin_spawn_egg":1},"minecraft:custom":{"minecraft:interact_with_anvil":1,"minecraft:mob_kills":5,"minecraft:interact_with_cartography_table":1,"minecraft:open_barrel":2,"minecraft:leave_game":2,"minecraft:time_since_death":29248,"minecraft:time_since_rest":29248,"minecraft:sprint_one_cm":651,"minecraft:walk_one_cm":2737,"minecraft:damage_dealt":1020,"minecraft:fly_one_cm":262906,"minecraft:crouch_one_cm":639,"minecraft:play_time":29248,"minecraft:sneak_time":882,"minecraft:walk_under_water_one_cm":9354,"minecraft:jump":9,"minecraft:walk_on_water_one_cm":3821,"minecraft:total_world_time":29275}},"DataVersion":2730}