{"stats":{"minecraft:custom":{"minecraft:time_since_rest":28260,"minecraft:sprint_one_cm":254160,"minecraft:damage_taken":20889,"minecraft:walk_one_cm":196416,"minecraft:drop":8,"minecraft:damage_dealt":156,"minecraft:fly_one_cm":857055,"minecraft:player_kills":4,"minecraft:crouch_one_cm":5761,"minecraft:play_one_minute":198950,"minecraft:deaths":26,"minecraft:sneak_time":3438,"minecraft:boat_one_cm":8600,"minecraft:aviate_one_cm":3055525,"minecraft:jump":936,"minecraft:leave_game":6,"minecraft:time_since_death":28112,"minecraft:fall_one_cm":200124},"minecraft:dropped":{"minecraft:tnt":1,"minecraft:birch_sign":3,"minecraft:elytra":1,"minecraft:flint_and_steel":4},"minecraft:killed_by":{"minecraft:player":1},"minecraft:used":{"minecraft:firework_rocket":1,"minecraft:light_blue_glazed_terracotta":5,"minecraft:flint_and_steel":14,"minecraft:smooth_quartz_slab":1,"minecraft:slime_block":1,"minecraft:stone_button":87,"minecraft:smooth_quartz":3,"minecraft:player_head":3,"minecraft:smooth_quartz_stairs":10,"minecraft:golden_carrot":2,"minecraft:tnt":230,"minecraft:birch_sign":6,"minecraft:chiseled_quartz_block":3,"minecraft:lingering_potion":16,"minecraft:splash_potion":9},"minecraft:mined":{"minecraft:fire":2,"minecraft:tnt":35,"minecraft:stone_button":3,"minecraft:birch_wall_sign":1,"minecraft:slime_block":7,"minecraft:player_head":1},"minecraft:picked_up":{"minecraft:iron_trapdoor":10,"minecraft:golden_carrot":1,"minecraft:water_bucket":1,"minecraft:light_blue_glazed_terracotta":7,"minecraft:stone_button":62,"minecraft:elytra":2,"minecraft:tnt":24,"minecraft:flint_and_steel":3,"minecraft:firework_rocket":128,"minecraft:slime_block":1,"minecraft:birch_sign":8,"minecraft:player_head":1,"minecraft:smooth_quartz":93,"minecraft:smooth_quartz_stairs":8,"minecraft:smooth_quartz_slab":12}},"DataVersion":2586}