{"stats":{"minecraft:killed":{"minecraft:bat":1},"minecraft:custom":{"minecraft:inspect_dropper":37,"minecraft:mob_kills":1,"minecraft:inspect_hopper":1,"minecraft:play_record":1,"minecraft:play_one_minute":2504721,"minecraft:leave_game":18,"minecraft:time_since_death":695853,"minecraft:time_since_rest":695877,"minecraft:sprint_one_cm":532974,"minecraft:damage_taken":13264,"minecraft:walk_one_cm":384295,"minecraft:drop":18,"minecraft:minecart_one_cm":991,"minecraft:damage_dealt":99,"minecraft:fly_one_cm":7592484,"minecraft:player_kills":2,"minecraft:open_chest":94,"minecraft:crouch_one_cm":34540,"minecraft:deaths":31,"minecraft:sneak_time":33863,"minecraft:boat_one_cm":17360,"minecraft:aviate_one_cm":4871894,"minecraft:jump":2222,"minecraft:fall_one_cm":82965},"minecraft:dropped":{"minecraft:water_bucket":1,"minecraft:command_block":1,"minecraft:elytra":2,"minecraft:flint_and_steel":2,"minecraft:golden_carrot":1,"minecraft:stone_button":2,"minecraft:honey_block":40,"minecraft:potion":1,"minecraft:firework_rocket":384},"minecraft:killed_by":{"minecraft:player":7},"minecraft:used":{"minecraft:water_bucket":12,"minecraft:light_blue_glazed_terracotta":85,"minecraft:dropper":19,"minecraft:snow_block":8,"minecraft:flint_and_steel":7,"minecraft:smooth_quartz_slab":56,"minecraft:redstone":151,"minecraft:polished_blackstone":38,"minecraft:blackstone":4,"minecraft:chest":27,"minecraft:stone":1,"minecraft:redstone_block":15,"minecraft:quartz_stairs":232,"minecraft:smooth_quartz_stairs":22,"minecraft:rail":2,"minecraft:comparator":3,"minecraft:tnt":782,"minecraft:hopper":16,"minecraft:nether_bricks":4,"minecraft:birch_sign":6,"minecraft:chiseled_quartz_block":112,"minecraft:gray_concrete":85,"minecraft:obsidian":4,"minecraft:redstone_torch":15,"minecraft:spruce_boat":3,"minecraft:black_terracotta":21,"minecraft:sticky_piston":35,"minecraft:gray_terracotta":119,"minecraft:piston":200,"minecraft:netherite_block":4,"minecraft:lever":1,"minecraft:honey_block":305,"minecraft:black_wool":4,"minecraft:black_concrete":23,"minecraft:firework_rocket":6,"minecraft:coal_ore":3,"minecraft:villager_spawn_egg":5,"minecraft:music_disc_pigstep":1,"minecraft:command_block":51,"minecraft:iron_block":74,"minecraft:light_weighted_pressure_plate":3,"minecraft:slime_block":330,"minecraft:stone_button":161,"minecraft:white_glazed_terracotta":10,"minecraft:spruce_trapdoor":29,"minecraft:smooth_quartz":1435,"minecraft:bedrock":293,"minecraft:repeater":31,"minecraft:potion":1,"minecraft:coal_block":5,"minecraft:dark_oak_boat":10,"minecraft:golden_carrot":10,"minecraft:cobblestone":57,"minecraft:magma_block":48,"minecraft:bow":13,"minecraft:black_stained_glass":23,"minecraft:stripped_crimson_hyphae":48,"minecraft:iron_trapdoor":171,"minecraft:white_stained_glass":29,"minecraft:minecart":2,"minecraft:stone_pressure_plate":2,"minecraft:observer":205,"minecraft:jukebox":1,"minecraft:lime_glazed_terracotta":6},"minecraft:mined":{"minecraft:stone_button":4,"minecraft:gray_stained_glass":2,"minecraft:redstone_wire":1,"minecraft:slime_block":37,"minecraft:tnt":232,"minecraft:player_head":1,"minecraft:piston":1},"minecraft:picked_up":{"minecraft:repeater":5,"minecraft:dark_oak_boat":1,"minecraft:potion":3,"minecraft:bedrock":1,"minecraft:elytra":2,"minecraft:sticky_piston":1,"minecraft:redstone_torch":4,"minecraft:player_head":1,"minecraft:observer":4,"minecraft:smooth_quartz":141,"minecraft:smooth_quartz_stairs":2,"minecraft:piston":1,"minecraft:stone_button":120,"minecraft:music_disc_pigstep":1,"minecraft:redstone":84,"minecraft:tnt":103,"minecraft:command_block":1,"minecraft:slime_block":23,"minecraft:honey_block":40,"minecraft:birch_sign":10,"minecraft:smooth_quartz_slab":7}},"DataVersion":2586}