{"stats":{"minecraft:custom":{"minecraft:time_since_rest":588858,"minecraft:sprint_one_cm":29782,"minecraft:walk_one_cm":50806,"minecraft:drop":1,"minecraft:fly_one_cm":1618635,"minecraft:open_chest":33,"minecraft:crouch_one_cm":2562,"minecraft:play_one_minute":588858,"minecraft:sneak_time":4313,"minecraft:jump":156,"minecraft:leave_game":3,"minecraft:time_since_death":588858},"minecraft:dropped":{"minecraft:command_block":1},"minecraft:used":{"minecraft:black_terracotta":2,"minecraft:glass":4,"minecraft:gray_terracotta":2,"minecraft:piston":1,"minecraft:black_concrete":19,"minecraft:command_block":72,"minecraft:red_concrete":57,"minecraft:slime_block":25,"minecraft:stone_button":7,"minecraft:chest":13,"minecraft:spruce_trapdoor":2,"minecraft:smooth_quartz":8,"minecraft:bedrock":233,"minecraft:torch":3,"minecraft:birch_button":7,"minecraft:purple_concrete":8,"minecraft:lime_concrete":33,"minecraft:light_blue_concrete":12,"minecraft:tnt":1,"minecraft:birch_sign":15,"minecraft:yellow_concrete":3,"minecraft:pink_stained_glass":100,"minecraft:polished_blackstone_button":29,"minecraft:chiseled_quartz_block":35,"minecraft:gray_concrete":1,"minecraft:observer":7,"minecraft:gray_stained_glass":23},"minecraft:picked_up":{"minecraft:black_stained_glass":20,"minecraft:iron_trapdoor":12,"minecraft:birch_button":1,"minecraft:sticky_piston":23,"minecraft:command_block":1,"minecraft:slime_block":172,"minecraft:observer":90,"minecraft:smooth_quartz":192,"minecraft:smooth_quartz_stairs":16,"minecraft:piston":77}},"DataVersion":2586}