{"stats":{"minecraft:custom":{"minecraft:time_since_rest":1118,"minecraft:play_one_minute":9573,"minecraft:crouch_one_cm":444,"minecraft:sprint_one_cm":23501,"minecraft:deaths":3,"minecraft:damage_taken":980,"minecraft:walk_one_cm":18186,"minecraft:sneak_time":315,"minecraft:drop":6,"minecraft:aviate_one_cm":57897,"minecraft:jump":104,"minecraft:leave_game":1,"minecraft:time_since_death":1074,"minecraft:fall_one_cm":2220,"minecraft:fly_one_cm":54143},"minecraft:dropped":{"minecraft:stone_button":1,"minecraft:bedrock":1,"minecraft:tnt":65,"minecraft:flint_and_steel":1,"minecraft:firework_rocket":63},"minecraft:killed_by":{"minecraft:player":3},"minecraft:used":{"minecraft:redstone_torch":19,"minecraft:tnt":1,"minecraft:redstone":3,"minecraft:stone_button":6,"minecraft:white_glazed_terracotta":1},"minecraft:mined":{"minecraft:redstone_wire":3,"minecraft:tnt":1},"minecraft:picked_up":{"minecraft:white_glazed_terracotta":4,"minecraft:tnt":67,"minecraft:flint_and_steel":2,"minecraft:firework_rocket":63,"minecraft:redstone_torch":1,"minecraft:stone_button":8,"minecraft:smooth_quartz":1,"minecraft:redstone":6}},"DataVersion":2586}