{"stats":{"minecraft:custom":{"minecraft:time_since_rest":3524,"minecraft:open_chest":1,"minecraft:play_one_minute":121988,"minecraft:crouch_one_cm":7996,"minecraft:sprint_one_cm":213503,"minecraft:deaths":21,"minecraft:damage_taken":200008266,"minecraft:walk_one_cm":105625,"minecraft:sneak_time":4528,"minecraft:drop":1,"minecraft:aviate_one_cm":1334315,"minecraft:jump":931,"minecraft:damage_dealt":40,"minecraft:leave_game":1,"minecraft:time_since_death":3391,"minecraft:fly_one_cm":575761,"minecraft:fall_one_cm":39372,"minecraft:player_kills":5},"minecraft:killed_by":{"minecraft:player":6},"minecraft:used":{"minecraft:sticky_piston":1,"minecraft:fishing_rod":17,"minecraft:repeater":1,"minecraft:golden_carrot":2,"minecraft:potion":3,"minecraft:flint_and_steel":21,"minecraft:tnt":252,"minecraft:slime_block":2,"minecraft:pufferfish_spawn_egg":3,"minecraft:stone_button":68,"minecraft:ender_pearl":1,"minecraft:chiseled_quartz_block":71,"minecraft:redstone_block":11,"minecraft:smooth_quartz":2,"minecraft:observer":1,"minecraft:milk_bucket":2},"minecraft:dropped":{"minecraft:potion":1},"minecraft:mined":{"minecraft:slime_block":2,"minecraft:tnt":3},"minecraft:picked_up":{"minecraft:tnt":4,"minecraft:firework_rocket":64,"minecraft:slime_block":1,"minecraft:chiseled_quartz_block":69,"minecraft:birch_sign":1,"minecraft:stone_button":70,"minecraft:smooth_quartz":51,"minecraft:redstone":1,"minecraft:smooth_quartz_slab":9,"minecraft:smooth_quartz_stairs":1}},"DataVersion":2586}