{"stat.useItem.minecraft.redstone_block":44,"stat.crouchOneCm":13732,"stat.useItem.minecraft.command_block":364,"stat.useItem.minecraft.stained_glass":334,"achievement.openInventory":146,"stat.useItem.minecraft.stone_button":187,"achievement.exploreAllBiomes":{"value":0,"progress":["Plains"]},"stat.useItem.minecraft.redstone_lamp":109,"stat.useItem.minecraft.redstone":193,"stat.useItem.minecraft.stained_hardened_clay":907,"stat.flyOneCm":1181121,"stat.drop":8,"stat.damageTaken":2147483647,"stat.timeSinceDeath":619695,"stat.useItem.minecraft.repeater":208,"stat.playOneMinute":710549,"stat.leaveGame":18,"stat.useItem.minecraft.comparator":74,"stat.useItem.minecraft.redstone_torch":20,"stat.walkOneCm":1529555,"stat.deaths":1,"stat.jump":1457,"stat.useItem.minecraft.sign":67,"stat.sprintOneCm":177120,"stat.useItem.minecraft.dirt":351}