{"stat.pickup.minecraft.repeating_command_block":2,"stat.useItem.minecraft.lapis_block":1,"stat.useItem.minecraft.sticky_piston":5,"stat.pickup.minecraft.sign":7,"stat.pickup.minecraft.redstone_torch":10,"stat.useItem.minecraft.repeater":832,"stat.leaveGame":87,"stat.drop.minecraft.ladder":2,"stat.drop.minecraft.redstone":10,"stat.useItem.minecraft.repeating_command_block":137,"stat.useItem.minecraft.heavy_weighted_pressure_plate":5,"stat.useItem.minecraft.glowstone":184,"stat.useItem.minecraft.stained_glass_pane":8,"stat.jump":4577,"stat.swimOneCm":1250,"stat.useItem.minecraft.concrete_powder":26,"stat.climbOneCm":13839,"stat.useItem.minecraft.planks":75,"stat.fallOneCm":11534,"stat.drop.minecraft.sticky_piston":1,"stat.crouchOneCm":64021,"stat.useItem.minecraft.redstone_torch":182,"stat.useItem.minecraft.dirt":210,"stat.useItem.minecraft.stone_button":24,"stat.drop.minecraft.glass":3,"stat.drop.minecraft.redstone_torch":10,"stat.drop.minecraft.stained_glass_pane":3,"stat.useItem.minecraft.glass":11,"stat.pickup.minecraft.command_block":6,"stat.drop.minecraft.gold_block":1,"stat.useItem.minecraft.redstone_lamp":1,"stat.pickup.minecraft.repeater":6,"stat.damageTaken":900,"stat.pickup.minecraft.written_book":1,"stat.useItem.minecraft.gold_block":1,"stat.drop.minecraft.stone_button":3,"stat.drop.minecraft.concrete":37,"stat.flyOneCm":13587194,"stat.pickup.minecraft.concrete":1,"stat.pickup.minecraft.redstone":11,"stat.useItem.minecraft.wool":441,"stat.timeSinceDeath":1689718,"stat.useItem.minecraft.sign":15,"stat.useItem.minecraft.wooden_slab":2,"stat.drop.minecraft.repeater":9,"stat.useItem.minecraft.command_block":1100,"stat.walkOneCm":1317922,"stat.useItem.minecraft.lever":3,"stat.useItem.minecraft.log":3,"stat.useItem.minecraft.comparator":55,"stat.drop.minecraft.stained_glass":3,"stat.drop.minecraft.dirt":1,"stat.drop.minecraft.wool":10,"stat.drop.minecraft.birch_stairs":1,"stat.drop.minecraft.iron_block":1,"stat.drop.minecraft.sign":10,"stat.useItem.minecraft.redstone":474,"stat.drop.minecraft.stained_hardened_clay":1,"stat.useItem.minecraft.sea_lantern":3,"stat.drop.minecraft.planks":8,"stat.useItem.minecraft.written_book":3,"stat.useItem.minecraft.stained_hardened_clay":30,"stat.useItem.minecraft.leaves":4,"stat.sprintOneCm":117290,"stat.useItem.minecraft.stained_glass":13,"stat.drop.minecraft.wooden_slab":1,"stat.drop.minecraft.command_block":51,"stat.pickup.minecraft.ladder":1,"stat.useItem.minecraft.concrete":2490,"stat.drop.minecraft.stone_pressure_plate":1,"stat.useItem.minecraft.barrier":2,"stat.useItem.minecraft.iron_block":10,"stat.useItem.minecraft.wooden_button":7,"stat.useItem.minecraft.stone_pressure_plate":6,"stat.drop.minecraft.comparator":1,"stat.drop.minecraft.repeating_command_block":11,"stat.useItem.minecraft.wooden_door":1,"stat.drop.minecraft.written_book":3,"stat.deaths":3,"stat.drop":188,"stat.playOneMinute":2318805,"stat.useItem.minecraft.ladder":38,"stat.sneakTime":72175,"stat.drop.minecraft.sea_lantern":1,"stat.useItem.minecraft.birch_stairs":6,"stat.drop.minecraft.grass":5,"stat.diveOneCm":2845}