{"stats":{"minecraft:used":{"minecraft:redstone":190,"minecraft:oak_sign":21,"minecraft:lever":1,"minecraft:black_wool":7,"minecraft:repeater":21,"minecraft:comparator":8,"minecraft:iron_block":306,"minecraft:redstone_torch":4},"minecraft:custom":{"minecraft:jump":234,"minecraft:time_since_rest":34509,"minecraft:crouch_one_cm":932,"minecraft:play_one_minute":34509,"minecraft:leave_game":2,"minecraft:sprint_one_cm":21332,"minecraft:time_since_death":34509,"minecraft:walk_one_cm":24741,"minecraft:sneak_time":1370,"minecraft:fly_one_cm":400493},"minecraft:picked_up":{"minecraft:oak_sign":7,"minecraft:redstone":4}},"DataVersion":2586}