{
    "__createdwith": "opl's Model Creator",
    "ambientocclusion": false,
    "textures": {
        "grave": "block/grave",
        "spooky_candle": "block/spooky_candle",
        "particle": "block/grave"
    },
    "elements": [
        {
            "from": [4,14,1],
            "to": [12,15,3],
            "faces": {
                "up": {
                    "uv": [1,3.5,5,4.5],
                    "texture": "#grave"
                },
                "west": {
                    "uv": [4,2,5,2.5],
                    "texture": "#grave"
                },
                "east": {
                    "uv": [0.5,3.5,1.5,4],
                    "texture": "#grave"
                },
                "north": {
                    "uv": [3.5,2.5,7.5,3],
                    "texture": "#grave"
                },
                "south": {
                    "uv": [2.5,2.5,6.5,3],
                    "texture": "#grave"
                }
            }
        },
        {
            "from": [5,3,4],
            "to": [7,8,6],
            "faces": {
                "up": {
                    "uv": [2,0,4,2],
                    "texture": "#spooky_candle"
                },
                "west": {
                    "uv": [2,0,0,5],
                    "texture": "#spooky_candle"
                },
                "east": {
                    "uv": [2,0,0,5],
                    "texture": "#spooky_candle"
                },
                "north": {
                    "uv": [0,0,2,5],
                    "texture": "#spooky_candle"
                },
                "south": {
                    "uv": [0,0,2,5],
                    "texture": "#spooky_candle"
                }
            }
        },
        {
            "from": [8,3,5],
            "to": [10,7,7],
            "faces": {
                "up": {
                    "uv": [10,0,12,2],
                    "texture": "#spooky_candle"
                },
                "west": {
                    "uv": [10,0,8,4],
                    "texture": "#spooky_candle"
                },
                "east": {
                    "uv": [10,0,8,4],
                    "texture": "#spooky_candle"
                },
                "north": {
                    "uv": [8,0,10,4],
                    "texture": "#spooky_candle"
                },
                "south": {
                    "uv": [8,0,10,4],
                    "texture": "#spooky_candle"
                }
            }
        },
        {
            "from": [6,3,8],
            "to": [8,6,10],
            "faces": {
                "up": {
                    "uv": [14,0,16,2],
                    "texture": "#spooky_candle"
                },
                "west": {
                    "uv": [14,0,12,3],
                    "texture": "#spooky_candle"
                },
                "east": {
                    "uv": [14,0,12,3],
                    "texture": "#spooky_candle"
                },
                "north": {
                    "uv": [12,0,14,3],
                    "texture": "#spooky_candle"
                },
                "south": {
                    "uv": [12,0,14,3],
                    "texture": "#spooky_candle"
                }
            }
        },
        {
            "from": [6,8,4.5],
            "to": [6,10,5.5],
            "rotation": { "origin": [ 6, 8, 5 ], "axis": "y", "angle": 45 },
            "faces": {
                "west": {
                    "uv": [3,3,4,5],
                    "texture": "#spooky_candle"
                },
                "east": {
                    "uv": [3,3,4,5],
                    "texture": "#spooky_candle"
                }
            }
        },
        {
            "from": [5.5,8,5],
            "to": [6.5,10,5],
            "rotation": { "origin": [ 6, 8, 5 ], "axis": "y", "angle": 45 },
            "faces": {
                "north": {
                    "uv": [3,3,4,5],
                    "texture": "#spooky_candle"
                },
                "south": {
                    "uv": [3,3,4,5],
                    "texture": "#spooky_candle"
                }
            }
        },
        {
            "from": [8.5,7,6],
            "to": [9.5,9,6],
            "rotation": { "origin": [ 9, 7, 6 ], "axis": "y", "angle": 45 },
            "faces": {
                "north": {
                    "uv": [11,3,12,5],
                    "texture": "#spooky_candle"
                },
                "south": {
                    "uv": [11,3,12,5],
                    "texture": "#spooky_candle"
                }
            }
        },
        {
            "from": [6.5,6,9],
            "to": [7.5,8,9],
            "rotation": { "origin": [ 7, 6, 9 ], "axis": "y", "angle": 45 },
            "faces": {
                "north": {
                    "uv": [15,3,16,5],
                    "texture": "#spooky_candle"
                },
                "south": {
                    "uv": [15,3,16,5],
                    "texture": "#spooky_candle"
                }
            }
        },
        {
            "from": [7,6,8.5],
            "to": [7,8,9.5],
            "rotation": { "origin": [ 7, 6, 9 ], "axis": "y", "angle": 45 },
            "faces": {
                "west": {
                    "uv": [15,3,16,5],
                    "texture": "#spooky_candle"
                },
                "east": {
                    "uv": [15,3,16,5],
                    "texture": "#spooky_candle"
                }
            }
        },
        {
            "from": [9,7,5.5],
            "to": [9,9,6.5],
            "rotation": { "origin": [ 9, 7, 6 ], "axis": "y", "angle": 45 },
            "faces": {
                "west": {
                    "uv": [11,3,12,5],
                    "texture": "#spooky_candle"
                },
                "east": {
                    "uv": [11,3,12,5],
                    "texture": "#spooky_candle"
                }
            }
        },
        {
            "from": [8,0,-1],
            "to": [15,1,8],
            "faces": {
                "up": {
                    "uv": [9,2,12.5,6.5],
                    "texture": "#grave"
                },
                "down": {
                    "uv": [14,9,10.5,4.5],
                    "texture": "#grave"
                },
                "east": {
                    "uv": [9,7,13.5,7.5],
                    "texture": "#grave"
                },
                "north": {
                    "uv": [8.5,9,12,9.5],
                    "texture": "#grave"
                }
            }
        },
        {
            "from": [8,0,8],
            "to": [15,1,17],
            "faces": {
                "up": {
                    "uv": [11.5,5,15,9.5],
                    "texture": "#grave"
                },
                "down": {
                    "uv": [8.5,10.5,12,6],
                    "texture": "#grave"
                },
                "east": {
                    "uv": [9,10.5,13.5,11],
                    "texture": "#grave"
                },
                "south": {
                    "uv": [9,11,12.5,11.5],
                    "texture": "#grave"
                }
            }
        },
        {
            "from": [1,0,8],
            "to": [8,1,17],
            "faces": {
                "up": {
                    "uv": [10,3.5,13.5,8],
                    "texture": "#grave"
                },
                "down": {
                    "uv": [12.5,11.5,16,16],
                    "texture": "#grave"
                },
                "west": {
                    "uv": [9.5,10.5,14,11],
                    "texture": "#grave"
                },
                "south": {
                    "uv": [2.5,4,6,4.5],
                    "texture": "#grave"
                }
            }
        },
        {
            "from": [1,0,-1],
            "to": [8,1,8],
            "faces": {
                "up": {
                    "uv": [10.5,10,14,14.5],
                    "texture": "#grave"
                },
                "down": {
                    "uv": [13,1,9.5,5.5],
                    "texture": "#grave"
                },
                "west": {
                    "uv": [10,8,14.5,8.5],
                    "texture": "#grave"
                },
                "north": {
                    "uv": [10,3.5,13.5,4],
                    "texture": "#grave"
                }
            }
        },
        {
            "from": [2,1,0],
            "to": [14,3,8],
            "faces": {
                "up": {
                    "uv": [7,9,13,13],
                    "texture": "#grave"
                },
                "west": {
                    "uv": [12,7,16,8],
                    "texture": "#grave"
                },
                "east": {
                    "uv": [10.5,14,14.5,15],
                    "texture": "#grave"
                },
                "north": {
                    "uv": [9.5,15,15.5,16],
                    "texture": "#grave"
                }
            }
        },
        {
            "from": [2,1,8],
            "to": [14,3,16],
            "faces": {
                "up": {
                    "uv": [15.5,0,9.5,4],
                    "texture": "#grave"
                },
                "west": {
                    "uv": [9.5,3.5,13.5,4.5],
                    "texture": "#grave"
                },
                "east": {
                    "uv": [9.5,7.5,13.5,8.5],
                    "texture": "#grave"
                },
                "south": {
                    "uv": [8,3,14,4],
                    "texture": "#grave"
                }
            }
        },
        {
            "from": [3,3,1],
            "to": [13,14,3],
            "faces": {
                "up": {
                    "uv": [0,0,5,1],
                    "texture": "#grave"
                },
                "west": {
                    "uv": [0,0,1,5.5],
                    "texture": "#grave"
                },
                "east": {
                    "uv": [6,0,7,5.5],
                    "texture": "#grave"
                },
                "north": {
                    "uv": [1,1,6,6.5],
                    "texture": "#grave"
                },
                "south": {
                    "uv": [1,1,6,6.5],
                    "texture": "#grave"
                }
            }
        }
    ]
}