{
    "__createdwith": "opl's Model Creator",
    "ambientocclusion": false,
    "textures": {
        "grave": "block/grave",
        "spooky_candle": "block/spooky_candle"
    },
    "elements": [
        {
            "from": [10,0,6],
            "to": [14,1,10],
            "faces": {
                "up": {
                    "uv": [4,2.5,6,4.5],
                    "texture": "#grave"
                },
                "down": {
                    "uv": [3.5,2,5.5,4],
                    "texture": "#grave"
                },
                "west": {
                    "uv": [1.5,1,3.5,1.5],
                    "texture": "#grave"
                },
                "east": {
                    "uv": [1.5,3.5,3.5,4],
                    "texture": "#grave"
                },
                "north": {
                    "uv": [4,2.5,6,3],
                    "texture": "#grave"
                },
                "south": {
                    "uv": [7,4.5,9,5],
                    "texture": "#grave"
                }
            }
        },
        {
            "from": [11,1,7],
            "to": [13,15,9],
            "faces": {
                "up": {
                    "uv": [3.5,2.5,4.5,3.5],
                    "texture": "#grave"
                },
                "west": {
                    "uv": [4,0,5,7],
                    "texture": "#grave"
                },
                "east": {
                    "uv": [3.5,0.5,4.5,7.5],
                    "texture": "#grave"
                },
                "north": {
                    "uv": [0.5,0,1.5,7],
                    "texture": "#grave"
                },
                "south": {
                    "uv": [4,0.5,5,7.5],
                    "texture": "#grave"
                }
            }
        },
        {
            "from": [11,9,9],
            "to": [13,11,13],
            "faces": {
                "up": {
                    "uv": [5,1.5,6,3.5],
                    "texture": "#grave"
                },
                "down": {
                    "uv": [4.5,2,5.5,4],
                    "texture": "#grave"
                },
                "west": {
                    "uv": [4.5,2,6.5,3],
                    "texture": "#grave"
                },
                "east": {
                    "uv": [4.5,2,6.5,3],
                    "texture": "#grave"
                },
                "south": {
                    "uv": [5.5,2,6.5,3],
                    "texture": "#grave"
                }
            }
        },
        {
            "from": [11,9,3],
            "to": [13,11,7],
            "faces": {
                "up": {
                    "uv": [3.5,2.5,4.5,4.5],
                    "texture": "#grave"
                },
                "down": {
                    "uv": [2.5,2.5,3.5,4.5],
                    "texture": "#grave"
                },
                "west": {
                    "uv": [3,3,5,4],
                    "texture": "#grave"
                },
                "east": {
                    "uv": [2.5,4.5,4.5,5.5],
                    "texture": "#grave"
                },
                "north": {
                    "uv": [4.5,2,5.5,3],
                    "texture": "#grave"
                }
            }
        },
        {
            "from": [12,5,9],
            "to": [12,9,13],
            "faces": {
                "west": {
                    "uv": [3.5,10,5.5,12],
                    "texture": "#grave"
                },
                "east": {
                    "uv": [5.5,10,3.5,12],
                    "texture": "#grave"
                }
            }
        },
        {
            "from": [12,5,3],
            "to": [12,9,7],
            "faces": {
                "west": {
                    "uv": [1.5,13,3.5,15],
                    "texture": "#grave"
                },
                "east": {
                    "uv": [3.5,13,1.5,15],
                    "texture": "#grave"
                }
            }
        },
        {
            "from": [7,0,5],
            "to": [9,5,7],
            "faces": {
                "up": {
                    "uv": [12,0,10,2],
                    "texture": "#spooky_candle"
                },
                "down": {
                    "uv": [8,3,10,5],
                    "texture": "#spooky_candle"
                },
                "west": {
                    "uv": [8,0,10,5],
                    "texture": "#spooky_candle"
                },
                "east": {
                    "uv": [8,0,10,5],
                    "texture": "#spooky_candle"
                },
                "north": {
                    "uv": [10,0,8,5],
                    "texture": "#spooky_candle"
                },
                "south": {
                    "uv": [10,0,8,5],
                    "texture": "#spooky_candle"
                }
            }
        },
        {
            "from": [6,0,9],
            "to": [8,4,11],
            "faces": {
                "up": {
                    "uv": [4,0,2,2],
                    "texture": "#spooky_candle"
                },
                "down": {
                    "uv": [0,3,2,5],
                    "texture": "#spooky_candle"
                },
                "west": {
                    "uv": [0,0,2,4],
                    "texture": "#spooky_candle"
                },
                "east": {
                    "uv": [0,0,2,4],
                    "texture": "#spooky_candle"
                },
                "north": {
                    "uv": [2,0,0,4],
                    "texture": "#spooky_candle"
                },
                "south": {
                    "uv": [2,0,0,4],
                    "texture": "#spooky_candle"
                }
            }
        },
        {
            "from": [7,4,9.5],
            "to": [7,6,10.5],
            "rotation": { "origin": [ 7, 4, 10 ], "axis": "y", "angle": 45 },
            "faces": {
                "west": {
                    "uv": [3,3,4,5],
                    "texture": "#spooky_candle"
                },
                "east": {
                    "uv": [3,3,4,5],
                    "texture": "#spooky_candle"
                }
            }
        },
        {
            "from": [8,5,5.5],
            "to": [8,7,6.5],
            "rotation": { "origin": [ 8, 5, 6 ], "axis": "y", "angle": 45 },
            "faces": {
                "west": {
                    "uv": [11,3,12,5],
                    "texture": "#spooky_candle"
                },
                "east": {
                    "uv": [11,3,12,5],
                    "texture": "#spooky_candle"
                }
            }
        },
        {
            "from": [7.5,5,6],
            "to": [8.5,7,6],
            "rotation": { "origin": [ 8, 5, 6 ], "axis": "y", "angle": 45 },
            "faces": {
                "north": {
                    "uv": [11,3,12,5],
                    "texture": "#spooky_candle"
                },
                "south": {
                    "uv": [11,3,12,5],
                    "texture": "#spooky_candle"
                }
            }
        },
        {
            "from": [6.5,4,10],
            "to": [7.5,6,10],
            "rotation": { "origin": [ 7, 4, 10 ], "axis": "y", "angle": 45 },
            "faces": {
                "north": {
                    "uv": [3,3,4,5],
                    "texture": "#spooky_candle"
                },
                "south": {
                    "uv": [3,3,4,5],
                    "texture": "#spooky_candle"
                }
            }
        }
    ]
}