{
    "__createdwith": "opl's Model Creator",
    "parent": "block/block",
    "ambientocclusion": false,
    "textures": {
        "ghost_lantern": "block/ghost_lantern",
        "spooky_candle": "block/spooky_candle",
        "scrap_face": "block/scrap_face",
        "particle": "block/ghost_lantern"
    },
    "elements": [
        {
            "from": [6.5,11,8],
            "to": [9.5,15,8],
            "rotation": { "origin": [ 8, 8, 8 ], "axis": "y", "angle": 45},
            "faces": {
                "north": {
                    "uv": [9,0,12,4],
                    "texture": "#scrap_face"
                },
                "south": {
                    "uv": [9,0,12,4],
                    "texture": "#scrap_face"
                }
            }
        },
        {
            "from": [8,10,6.5],
            "to": [8,16,9.5],
            "rotation": { "origin": [ 8, 8, 8 ], "axis": "y", "angle": 45},
            "faces": {
                "west": {
                    "uv": [9,5,12,11],
                    "texture": "#scrap_face"
                },
                "east": {
                    "uv": [9,5,12,11],
                    "texture": "#scrap_face"
                }
            }
        },
        {
            "from": [7,1,7],
            "to": [9,5,9],
            "faces": {
                "up": {
                    "uv": [14,0,16,2],
                    "texture": "#spooky_candle"
                },
                "down": {
                    "uv": [12,3,14,5],
                    "texture": "#spooky_candle"
                },
                "west": {
                    "uv": [14,0,12,4],
                    "texture": "#spooky_candle"
                },
                "east": {
                    "uv": [14,0,12,4],
                    "texture": "#spooky_candle"
                },
                "north": {
                    "uv": [12,0,14,4],
                    "texture": "#spooky_candle"
                },
                "south": {
                    "uv": [12,0,14,4],
                    "texture": "#spooky_candle"
                }
            }
        },
        {
            "from": [7.5,5,8],
            "to": [8.5,7,8],
            "rotation": { "origin": [ 8, 5, 8 ], "axis": "y", "angle": 45},
            "faces": {
                "north": {
                    "uv": [15,3,16,5],
                    "texture": "#spooky_candle"
                },
                "south": {
                    "uv": [15,3,16,5],
                    "texture": "#spooky_candle"
                }
            }
        },
        {
            "from": [8,5,7.5],
            "to": [8,7,8.5],
            "rotation": { "origin": [ 8, 5, 8 ], "axis": "y", "angle": 45},
            "faces": {
                "west": {
                    "uv": [15,3,16,5],
                    "texture": "#spooky_candle"
                },
                "east": {
                    "uv": [15,3,16,5],
                    "texture": "#spooky_candle"
                }
            }
        },
        {
            "from": [5,0,4],
            "to": [11,9,5],
            "faces": {
                "up": {
                    "uv": [1,0,7,1],
                    "texture": "#ghost_lantern"
                },
                "west": {
                    "uv": [7,1,8,10],
                    "texture": "#ghost_lantern"
                },
                "east": {
                    "uv": [0,2,1,11],
                    "texture": "#ghost_lantern"
                },
                "north": {
                    "uv": [10,0,16,9],
                    "texture": "#ghost_lantern"
                },
                "south": {
                    "uv": [16,0,10,9],
                    "texture": "#ghost_lantern"
                }
            }
        },
        {
            "from": [5,0,11],
            "to": [11,9,12],
            "faces": {
                "up": {
                    "uv": [1,0,7,1],
                    "texture": "#ghost_lantern"
                },
                "west": {
                    "uv": [0,1,1,10],
                    "texture": "#ghost_lantern"
                },
                "east": {
                    "uv": [7,1,8,10],
                    "texture": "#ghost_lantern"
                },
                "north": {
                    "uv": [16,0,10,9],
                    "texture": "#ghost_lantern"
                },
                "south": {
                    "uv": [10,0,16,9],
                    "texture": "#ghost_lantern"
                }
            }
        },
        {
            "from": [11,0,5],
            "to": [12,9,11],
            "faces": {
                "up": {
                    "uv": [0,1,1,7],
                    "texture": "#ghost_lantern"
                },
                "west": {
                    "uv": [1,1,7,10],
                    "texture": "#ghost_lantern"
                },
                "east": {
                    "uv": [7,1,1,10],
                    "texture": "#ghost_lantern"
                },
                "north": {
                    "uv": [0,1,1,10],
                    "texture": "#ghost_lantern"
                },
                "south": {
                    "uv": [7,3,8,12],
                    "texture": "#ghost_lantern"
                }
            }
        },
        {
            "from": [4,0,5],
            "to": [5,9,11],
            "faces": {
                "up": {
                    "uv": [0,1,1,7],
                    "texture": "#ghost_lantern"
                },
                "west": {
                    "uv": [7,1,1,10],
                    "texture": "#ghost_lantern"
                },
                "east": {
                    "uv": [1,1,7,10],
                    "texture": "#ghost_lantern"
                },
                "north": {
                    "uv": [7,3,8,12],
                    "texture": "#ghost_lantern"
                },
                "south": {
                    "uv": [0,2,1,11],
                    "texture": "#ghost_lantern"
                }
            }
        },
        {
            "from": [5,9,5],
            "to": [11,10,11],
            "faces": {
                "up": {
                    "uv": [10,10,16,16],
                    "texture": "#ghost_lantern"
                },
                "down": {
                    "uv": [10,10,16,16],
                    "texture": "#ghost_lantern"
                },
                "west": {
                    "uv": [1,0,7,1],
                    "texture": "#ghost_lantern"
                },
                "east": {
                    "uv": [1,0,7,1],
                    "texture": "#ghost_lantern"
                },
                "north": {
                    "uv": [1,0,7,1],
                    "texture": "#ghost_lantern"
                },
                "south": {
                    "uv": [1,0,7,1],
                    "texture": "#ghost_lantern"
                }
            }
        },
        {
            "from": [5,0.5,7.5],
            "to": [11,0.5,8.5],
            "faces": {
                "up": {
                    "uv": [1,14,7,15],
                    "texture": "#ghost_lantern"
                },
                "down": {
                    "uv": [1,14,7,15],
                    "texture": "#ghost_lantern"
                }
            }
        },
        {
            "from": [7.5,0.5,5],
            "to": [8.5,0.5,11],
            "faces": {
                "up": {
                    "uv": [1,14,7,15],
                    "texture": "#ghost_lantern",
                    "rotation": 90
                },
                "down": {
                    "uv": [1,14,7,15],
                    "texture": "#ghost_lantern",
                    "rotation": 90
                }
            }
        },
        {
            "from": [5,-3,4],
            "to": [11,0,5],
            "faces": {
                "west": {
                    "uv": [7,10,8,13],
                    "texture": "#ghost_lantern"
                },
                "east": {
                    "uv": [0,10,1,13],
                    "texture": "#ghost_lantern"
                },
                "north": {
                    "uv": [1,10,7,13],
                    "texture": "#ghost_lantern"
                },
                "south": {
                    "uv": [7,10,1,13],
                    "texture": "#ghost_lantern"
                }
            }
        },
        {
            "from": [5,-3,11],
            "to": [11,0,12],
            "faces": {
                "west": {
                    "uv": [0,10,1,13],
                    "texture": "#ghost_lantern"
                },
                "east": {
                    "uv": [7,10,8,13],
                    "texture": "#ghost_lantern"
                },
                "north": {
                    "uv": [7,10,1,13],
                    "texture": "#ghost_lantern"
                },
                "south": {
                    "uv": [1,10,7,13],
                    "texture": "#ghost_lantern"
                }
            }
        },
        {
            "from": [11,-3,5],
            "to": [12,0,11],
            "faces": {
                "west": {
                    "uv": [1,10,7,13],
                    "texture": "#ghost_lantern"
                },
                "east": {
                    "uv": [7,10,1,13],
                    "texture": "#ghost_lantern"
                },
                "north": {
                    "uv": [0,10,1,13],
                    "texture": "#ghost_lantern"
                },
                "south": {
                    "uv": [7,10,8,13],
                    "texture": "#ghost_lantern"
                }
            }
        },
        {
            "from": [4,-3,5],
            "to": [5,0,11],
            "faces": {
                "west": {
                    "uv": [7,10,1,13],
                    "texture": "#ghost_lantern"
                },
                "east": {
                    "uv": [1,10,7,13],
                    "texture": "#ghost_lantern"
                },
                "north": {
                    "uv": [7,10,8,13],
                    "texture": "#ghost_lantern"
                },
                "south": {
                    "uv": [0,10,1,13],
                    "texture": "#ghost_lantern"
                }
            }
        },
        {
            "from": [7,0,7],
            "to": [9,1,9],
            "faces": {
                "down": {
                    "uv": [3,14,5,16],
                    "texture": "#ghost_lantern"
                },
                "west": {
                    "uv": [3,14,5,15],
                    "texture": "#ghost_lantern"
                },
                "east": {
                    "uv": [3,14,5,15],
                    "texture": "#ghost_lantern"
                },
                "north": {
                    "uv": [1,14,3,15],
                    "texture": "#ghost_lantern"
                },
                "south": {
                    "uv": [5,14,7,15],
                    "texture": "#ghost_lantern"
                }
            }
        }
    ]
}