{
    "__createdwith": "opl's Model Creator",
    "ambientocclusion": false,
    "textures": {
        "spooky_candle": "block/spooky_candle"
    },
    "elements": [
        {
            "from": [9,0,9],
            "to": [11,5,11],
            "faces": {
                "up": {
                    "uv": [6,0,8,2],
                    "texture": "#spooky_candle"
                },
                "down": {
                    "uv": [4,3,6,5],
                    "texture": "#spooky_candle"
                },
                "west": {
                    "uv": [6,0,4,5],
                    "texture": "#spooky_candle"
                },
                "east": {
                    "uv": [6,0,4,5],
                    "texture": "#spooky_candle"
                },
                "north": {
                    "uv": [4,0,6,5],
                    "texture": "#spooky_candle"
                },
                "south": {
                    "uv": [4,0,6,5],
                    "texture": "#spooky_candle"
                }
            }
        },
        {
            "from": [5,0,5],
            "to": [7,4,7],
            "faces": {
                "up": {
                    "uv": [14,0,16,2],
                    "texture": "#spooky_candle"
                },
                "down": {
                    "uv": [12,3,14,5],
                    "texture": "#spooky_candle"
                },
                "west": {
                    "uv": [14,0,12,4],
                    "texture": "#spooky_candle"
                },
                "east": {
                    "uv": [14,0,12,4],
                    "texture": "#spooky_candle"
                },
                "north": {
                    "uv": [12,0,14,4],
                    "texture": "#spooky_candle"
                },
                "south": {
                    "uv": [12,0,14,4],
                    "texture": "#spooky_candle"
                }
            }
        },
        {
            "from": [9,0,5],
            "to": [11,2,7],
            "faces": {
                "up": {
                    "uv": [10,0,12,2],
                    "texture": "#spooky_candle"
                },
                "down": {
                    "uv": [8,3,10,5],
                    "texture": "#spooky_candle"
                },
                "west": {
                    "uv": [10,0,8,2],
                    "texture": "#spooky_candle"
                },
                "east": {
                    "uv": [10,0,8,2],
                    "texture": "#spooky_candle"
                },
                "north": {
                    "uv": [8,0,10,2],
                    "texture": "#spooky_candle"
                },
                "south": {
                    "uv": [8,0,10,2],
                    "texture": "#spooky_candle"
                }
            }
        },
        {
            "from": [5,0,9],
            "to": [7,3,11],
            "faces": {
                "up": {
                    "uv": [2,0,4,2],
                    "texture": "#spooky_candle"
                },
                "down": {
                    "uv": [0,3,2,5],
                    "texture": "#spooky_candle"
                },
                "west": {
                    "uv": [2,0,0,3],
                    "texture": "#spooky_candle"
                },
                "east": {
                    "uv": [2,0,0,3],
                    "texture": "#spooky_candle"
                },
                "north": {
                    "uv": [0,0,2,3],
                    "texture": "#spooky_candle"
                },
                "south": {
                    "uv": [0,0,2,3],
                    "texture": "#spooky_candle"
                }
            }
        },
        {
            "from": [6,4,5.5],
            "to": [6,6,6.5],
            "rotation": { "origin": [ 6, 4, 6 ], "axis": "y", "angle": 45 },
            "faces": {
                "west": {
                    "uv": [15,3,16,5],
                    "texture": "#spooky_candle"
                },
                "east": {
                    "uv": [15,3,16,5],
                    "texture": "#spooky_candle"
                }
            }
        },
        {
            "from": [5.5,4,6],
            "to": [6.5,6,6],
            "rotation": { "origin": [ 6, 4, 6 ], "axis": "y", "angle": 45 },
            "faces": {
                "north": {
                    "uv": [15,3,16,5],
                    "texture": "#spooky_candle"
                },
                "south": {
                    "uv": [15,3,16,5],
                    "texture": "#spooky_candle"
                }
            }
        },
        {
            "from": [6,3,9.5],
            "to": [6,5,10.5],
            "rotation": { "origin": [ 6, 3, 10 ], "axis": "y", "angle": 45 },
            "faces": {
                "west": {
                    "uv": [3,3,4,5],
                    "texture": "#spooky_candle"
                },
                "east": {
                    "uv": [3,3,4,5],
                    "texture": "#spooky_candle"
                }
            }
        },
        {
            "from": [10,5,9.5],
            "to": [10,7,10.5],
            "rotation": { "origin": [ 10, 5, 10 ], "axis": "y", "angle": 45 },
            "faces": {
                "west": {
                    "uv": [7,3,8,5],
                    "texture": "#spooky_candle"
                },
                "east": {
                    "uv": [7,3,8,5],
                    "texture": "#spooky_candle"
                }
            }
        },
        {
            "from": [10,2,5.5],
            "to": [10,4,6.5],
            "rotation": { "origin": [ 10, 2, 6 ], "axis": "y", "angle": 45 },
            "faces": {
                "west": {
                    "uv": [11,3,12,5],
                    "texture": "#spooky_candle"
                },
                "east": {
                    "uv": [11,3,12,5],
                    "texture": "#spooky_candle"
                }
            }
        },
        {
            "from": [9.5,5,10],
            "to": [10.5,7,10],
            "rotation": { "origin": [ 10, 5, 10 ], "axis": "y", "angle": 45 },
            "faces": {
                "north": {
                    "uv": [7,3,8,5],
                    "texture": "#spooky_candle"
                },
                "south": {
                    "uv": [7,3,8,5],
                    "texture": "#spooky_candle"
                }
            }
        },
        {
            "from": [5.5,3,10],
            "to": [6.5,5,10],
            "rotation": { "origin": [ 6, 3, 10 ], "axis": "y", "angle": 45 },
            "faces": {
                "north": {
                    "uv": [3,3,4,5],
                    "texture": "#spooky_candle"
                },
                "south": {
                    "uv": [3,3,4,5],
                    "texture": "#spooky_candle"
                }
            }
        },
        {
            "from": [9.5,2,6],
            "to": [10.5,4,6],
            "rotation": { "origin": [ 10, 2, 6 ], "axis": "y", "angle": 45 },
            "faces": {
                "north": {
                    "uv": [11,3,12,5],
                    "texture": "#spooky_candle"
                },
                "south": {
                    "uv": [11,3,12,5],
                    "texture": "#spooky_candle"
                }
            }
        }
    ]
}