{
    "__createdwith": "opl's Model Creator",
    "ambientocclusion": false,
    "textures": {
        "spooky_candle": "block/spooky_candle",
        "grave": "block/grave"
    },
    "elements": [
        {
            "from": [9,0,7],
            "to": [11,4,9],
            "faces": {
                "up": {
                    "uv": [6,0,8,2],
                    "texture": "#spooky_candle"
                },
                "down": {
                    "uv": [4,3,6,5],
                    "texture": "#spooky_candle"
                },
                "west": {
                    "uv": [6,0,4,4],
                    "texture": "#spooky_candle"
                },
                "east": {
                    "uv": [6,0,4,4],
                    "texture": "#spooky_candle"
                },
                "north": {
                    "uv": [4,0,6,4],
                    "texture": "#spooky_candle"
                },
                "south": {
                    "uv": [4,0,6,4],
                    "texture": "#spooky_candle"
                }
            }
        },
        {
            "from": [5,0,8],
            "to": [7,3,10],
            "faces": {
                "up": {
                    "uv": [2,0,4,2],
                    "texture": "#spooky_candle"
                },
                "down": {
                    "uv": [0,3,2,5],
                    "texture": "#spooky_candle"
                },
                "west": {
                    "uv": [2,0,0,3],
                    "texture": "#spooky_candle"
                },
                "east": {
                    "uv": [2,0,0,3],
                    "texture": "#spooky_candle"
                },
                "north": {
                    "uv": [0,0,2,3],
                    "texture": "#spooky_candle"
                },
                "south": {
                    "uv": [0,0,2,3],
                    "texture": "#spooky_candle"
                }
            }
        },
        {
            "from": [6,3,8.5],
            "to": [6,5,9.5],
            "rotation": { "origin": [ 6, 3, 9 ], "axis": "y", "angle": 45 },
            "faces": {
                "west": {
                    "uv": [3,3,4,5],
                    "texture": "#spooky_candle"
                },
                "east": {
                    "uv": [3,3,4,5],
                    "texture": "#spooky_candle"
                }
            }
        },
        {
            "from": [10,4,7.5],
            "to": [10,6,8.5],
            "rotation": { "origin": [ 10, 4, 8 ], "axis": "y", "angle": 45 },
            "faces": {
                "west": {
                    "uv": [7,3,8,5],
                    "texture": "#spooky_candle"
                },
                "east": {
                    "uv": [7,3,8,5],
                    "texture": "#spooky_candle"
                }
            }
        },
        {
            "from": [9.5,4,8],
            "to": [10.5,6,8],
            "rotation": { "origin": [ 10, 4, 8 ], "axis": "y", "angle": 45 },
            "faces": {
                "north": {
                    "uv": [7,3,8,5],
                    "texture": "#spooky_candle"
                },
                "south": {
                    "uv": [7,3,8,5],
                    "texture": "#spooky_candle"
                }
            }
        },
        {
            "from": [5.5,3,9],
            "to": [6.5,5,9],
            "rotation": { "origin": [ 6, 3, 9 ], "axis": "y", "angle": 45 },
            "faces": {
                "north": {
                    "uv": [3,3,4,5],
                    "texture": "#spooky_candle"
                },
                "south": {
                    "uv": [3,3,4,5],
                    "texture": "#spooky_candle"
                }
            }
        },
        {
            "from": [3,0,3],
            "to": [13,12,5],
            "faces": {
                "up": {
                    "uv": [1,4.5,6,5.5],
                    "texture": "#grave"
                },
                "down": {
                    "uv": [1.5,3,6.5,4],
                    "texture": "#grave"
                },
                "west": {
                    "uv": [2.5,1,3.5,7],
                    "texture": "#grave"
                },
                "east": {
                    "uv": [5,1,6,7],
                    "texture": "#grave"
                },
                "north": {
                    "uv": [1,1,6,7],
                    "texture": "#grave"
                },
                "south": {
                    "uv": [1.5,1,6.5,7],
                    "texture": "#grave"
                }
            }
        },
        {
            "from": [4,12,3],
            "to": [12,13,5],
            "faces": {
                "up": {
                    "uv": [1.5,1.5,5.5,2.5],
                    "texture": "#grave"
                },
                "west": {
                    "uv": [3,3,4,3.5],
                    "texture": "#grave"
                },
                "east": {
                    "uv": [3,3,4,3.5],
                    "texture": "#grave"
                },
                "north": {
                    "uv": [3.5,2.5,7.5,3],
                    "texture": "#grave"
                },
                "south": {
                    "uv": [1,4.5,5,5],
                    "texture": "#grave"
                }
            }
        },
        {
            "from": [3,0,3],
            "to": [13,12,5],
            "faces": {
                "east": {
                    "uv": [5.5,9,6.5,15],
                    "texture": "#grave"
                },
                "north": {
                    "uv": [5,9,0,15],
                    "texture": "#grave"
                },
                "south": {
                    "uv": [0,9,5,15],
                    "texture": "#grave"
                }
            }
        },
        {
            "from": [4,12,3],
            "to": [12,13,5],
            "faces": {
                "up": {
                    "uv": [1,12.5,5,13.5],
                    "texture": "#grave"
                },
                "north": {
                    "uv": [4,10,0,10.5],
                    "texture": "#grave"
                },
                "south": {
                    "uv": [1,12.5,5,13],
                    "texture": "#grave"
                }
            }
        }
    ]
}