{
    "__createdwith": "opl's Model Creator",
    "parent": "block/block",
    "ambientocclusion": false,
    "textures": {
        "side": "block/grass_block_side",
        "top": "block/grass_block_top",
        "overlay": "block/grass_block_side_overlay",
        "bottom": "block/dirt",
        "particle": "block/dirt",
        "leaves": "block/fallen_leaves3"
    },
    "elements": [
        {
            "from": [0,0,0],
            "to": [16,16,16],
            "faces": {
                "up": {
                    "texture": "#top",
                    "cullface": "up",
                    "tintindex": 0
                },
                "down": {
                    "texture": "#bottom",
                    "cullface": "down"
                },
                "west": {
                    "texture": "#side",
                    "cullface": "west"
                },
                "east": {
                    "texture": "#side",
                    "cullface": "east"
                },
                "north": {
                    "texture": "#side",
                    "cullface": "north"
                },
                "south": {
                    "texture": "#side",
                    "cullface": "south"
                }
            }
        },
        {
            "from": [0,0,0],
            "to": [16,16,16],
            "faces": {
                "up": {
                    "texture": "#leaves",
                    "cullface": "up"
                },
                "west": {
                    "texture": "#overlay",
                    "cullface": "west",
                    "tintindex": 0
                },
                "east": {
                    "texture": "#overlay",
                    "cullface": "east",
                    "tintindex": 0
                },
                "north": {
                    "texture": "#overlay",
                    "cullface": "north",
                    "tintindex": 0
                },
                "south": {
                    "texture": "#overlay",
                    "cullface": "south",
                    "tintindex": 0
                }
            }
        }
    ]
}