{
    "__createdwith": "opl's Model Creator",
    "ambientocclusion": false,
    "textures": {
        "endstone": "block/end_stone",
        "brick": "block/stone_bricks",
        "cracked_brick": "block/cracked_stone_bricks"
    },
    "elements": [
        {
            "from": [0,0,0],
            "to": [16,16,16],
            "faces": {
                "up": {
                    "texture": "#endstone",
                    "cullface": "up"
                },
                "down": {
                    "texture": "#endstone",
                    "cullface": "down"
                },
                "west": {
                    "texture": "#endstone",
                    "cullface": "west"
                },
                "east": {
                    "texture": "#endstone",
                    "cullface": "east"
                },
                "north": {
                    "texture": "#endstone",
                    "cullface": "north"
                },
                "south": {
                    "texture": "#endstone",
                    "cullface": "south"
                }
            }
        },
        {
            "from": [0,16,9],
            "to": [15,23,16],
            "faces": {
                "up": {
                    "uv": [15,0,0,7],
                    "texture": "#brick",
                    "cullface": "up"
                },
                "west": {
                    "uv": [7,8,0,15],
                    "texture": "#brick",
                    "cullface": "up"
                },
                "east": {
                    "uv": [8,8,15,15],
                    "texture": "#brick",
                    "cullface": "up"
                },
                "north": {
                    "uv": [15,0,0,7],
                    "texture": "#cracked_brick",
                    "cullface": "up"
                },
                "south": {
                    "uv": [15,0,0,7],
                    "texture": "#brick",
                    "cullface": "up"
                }
            }
        },
        {
            "from": [1,16,0],
            "to": [16,23,7],
            "faces": {
                "up": {
                    "texture": "#brick",
                    "cullface": "up"
                },
                "west": {
                    "uv": [0,8,7,15],
                    "texture": "#cracked_brick",
                    "cullface": "up"
                },
                "east": {
                    "uv": [15,8,8,15],
                    "texture": "#brick",
                    "cullface": "up"
                },
                "north": {
                    "uv": [0,0,15,7],
                    "texture": "#brick",
                    "cullface": "up"
                },
                "south": {
                    "uv": [0,0,15,7],
                    "texture": "#brick",
                    "cullface": "up"
                }
            }
        },
        {
            "from": [6,23,0],
            "to": [13,30,15],
            "faces": {
                "up": {
                    "uv": [0,0,15,7],
                    "texture": "#cracked_brick",
                    "cullface": "up",
                    "rotation": 90
                },
                "down": {
                    "texture": "#cracked_brick",
                    "cullface": "up"
                },
                "west": {
                    "uv": [0,0,15,7],
                    "texture": "#cracked_brick",
                    "cullface": "up"
                },
                "east": {
                    "uv": [0,0,15,7],
                    "texture": "#cracked_brick",
                    "cullface": "up"
                },
                "north": {
                    "uv": [8,8,15,15],
                    "texture": "#cracked_brick",
                    "cullface": "up"
                },
                "south": {
                    "uv": [8,8,15,15],
                    "texture": "#cracked_brick",
                    "cullface": "up"
                }
            }
        }
    ]
}