{
   "format_version":"1.10.0",
   "animation_controllers":{
      "controller.animation.astrocraft":{
         "states":{
            "default":{
               "transitions":[
                  {
                     "result":"query.is_on_ground && query.position(1) >= 300"
                  }
               ]
            },
            "result":{
               "on_entry":[
       "/function astrocraft"
               ],
               "transitions":[
                  {
                     "default":"(1.0)"
                  }
               ]
            }
         }
      }
   }
}