{
   "format_version":"1.10.0",
   "animation_controllers":{
      "controller.animation.not_riding":{
         "states":{
            "default":{
               "transitions":[
                  {
                     "result":"!query.is_riding"
                  }
               ]
            },
            "result":{
               "on_entry":[
       "/tag @s remove riding", "/scoreboard players set @s takeoff 0"
               ],
               "transitions":[
                  {
                     "default":"(1.0)"
                  }
               ]
            }
         }
      }
   }
}