{
   "format_version":"1.10.0",
   "animation_controllers":{
      "controller.animation.riding":{
         "states":{
            "default":{
               "transitions":[
                  {
                     "result":"query.is_riding"
                  }
               ]
            },
            "result":{
               "on_entry":[
       "/tag @s add riding"
               ],
               "transitions":[
                  {
                     "default":"(1.0)"
                  }
               ]
            }
         }
      }
   }
}