{
   "format_version":"1.10.0",
   "animation_controllers":{
      "controller.animation.rocket_fal":{
         "states":{
            "default":{
               "transitions":[
                  {
            "result":"query.is_alive"
                  }
               ]
            },
            "result":{
               "on_entry":[
       "/effect @s slow_falling 1 1 true"
               ],
               "transitions":[
                  {
                     "default":"(1.0)"
                  }
               ]
            }
         }
      }
   }
}