{
  "format_version": "1.16.100",
  "minecraft:item": {
    "description": {
      "identifier": "astrocraft:fuel",
      "category": "Equipment"
    },
    "components": {
      "minecraft:creative_category": {
        "parent": "itemGroup.name.elytra"
      },
      "minecraft:icon": {
        "texture": "fuel"
      },
	  "minecraft:render_offsets": "tools",
	  "minecraft:display_name": {},
      "minecraft:max_stack_size": 1,
      "minecraft:hand_equipped": true,
      "minecraft:damageable": {
        "max_damage": 0
      },
      "minecraft:can_destroy_in_creative": false,
      "minecraft:digger": {
        "use_efficiency": false,
        "destroy_speeds": [
          {
            "block": "minecraft:bedrock",
            "speed": 0
          }
        ]
      }
    }
  }
}