{"stats":{"minecraft:picked_up":{"minecraft:lime_wool":2,"minecraft:orange_shulker_box":1,"minecraft:stone":4,"minecraft:repeater":14,"minecraft:light_blue_shulker_box":1,"minecraft:stone_button":2,"minecraft:magenta_shulker_box":2,"minecraft:redstone":3156,"minecraft:smooth_stone_slab":2,"minecraft:sticky_piston":10,"minecraft:lever":1,"minecraft:comparator":1,"minecraft:iron_block":44,"minecraft:redstone_torch":33,"minecraft:egg":1},"minecraft:dropped":{"minecraft:stone":4,"minecraft:smooth_stone_slab":5,"minecraft:repeater":2,"minecraft:wooden_axe":3,"minecraft:lime_wool":3,"minecraft:orange_wool":5,"minecraft:tripwire_hook":1,"minecraft:redstone":9,"minecraft:iron_block":24},"minecraft:killed":{"minecraft:chicken":3,"minecraft:bat":1},"minecraft:used":{"minecraft:glass":143,"minecraft:redstone_torch":276,"minecraft:sticky_piston":54,"minecraft:oak_trapdoor":1,"minecraft:lever":80,"minecraft:piston":11,"minecraft:netherite_sword":1,"minecraft:black_wool":642,"minecraft:stone_button":85,"minecraft:dropper":11,"minecraft:dispenser":9,"minecraft:oak_button":10,"minecraft:red_wool":77,"minecraft:heavy_weighted_pressure_plate":4,"minecraft:iron_block":3036,"minecraft:barrier":44,"minecraft:string":12,"minecraft:redstone":2876,"minecraft:slime_block":12,"minecraft:lime_wool":561,"minecraft:pig_spawn_egg":4,"minecraft:oak_sign":14,"minecraft:blue_wool":147,"minecraft:chicken_spawn_egg":5,"minecraft:sandstone":59,"minecraft:redstone_block":209,"minecraft:barrel":3,"minecraft:yellow_wool":93,"minecraft:light_gray_wool":280,"minecraft:tripwire_hook":19,"minecraft:diamond_block":31,"minecraft:repeater":819,"minecraft:redstone_lamp":198,"minecraft:sand":148,"minecraft:target":34,"minecraft:comparator":188,"minecraft:iron_trapdoor":25,"minecraft:hopper":4,"minecraft:light_blue_wool":371,"minecraft:glass_pane":37,"minecraft:magenta_glazed_terracotta":65,"minecraft:orange_wool":880,"minecraft:smooth_stone_slab":230,"minecraft:note_block":9,"minecraft:stone_pressure_plate":44,"minecraft:gray_wool":24,"minecraft:cyan_wool":402,"minecraft:observer":29,"minecraft:splash_potion":25,"minecraft:purple_wool":252,"minecraft:obsidian":46,"minecraft:bat_spawn_egg":13},"minecraft:custom":{"minecraft:time_since_rest":3437957,"minecraft:inspect_dropper":24,"minecraft:sprint_one_cm":681464,"minecraft:walk_one_cm":193766,"minecraft:mob_kills":4,"minecraft:drop":56,"minecraft:inspect_hopper":5,"minecraft:damage_dealt":40,"minecraft:tune_noteblock":81,"minecraft:fly_one_cm":18749296,"minecraft:crouch_one_cm":8491,"minecraft:play_time":3437957,"minecraft:sneak_time":169438,"minecraft:jump":14241,"minecraft:leave_game":32,"minecraft:time_since_death":3437957,"minecraft:total_world_time":5246043,"minecraft:inspect_dispenser":29}},"DataVersion":2975}