{
	"format_version": "1.12.0",
	"minecraft:geometry": [
		{
			"description": {
				"identifier": "geometry.rocket",
				"texture_width": 16,
				"texture_height": 16,
				"visible_bounds_width": 4,
				"visible_bounds_height": 6,
				"visible_bounds_offset": [0, 2, 0]
			},
			"bones": [
				{
					"name": "base",
					"pivot": [0, 0, 0],
					"cubes": [
						{
							"origin": [-10.56667, 4.66667, 9.06667],
							"size": [20, 23.33333, 1],
							"uv": {
								"north": {"uv": [0, 0], "uv_size": [1.25, 1.4375]},
								"east": {"uv": [3.1875, 6.75], "uv_size": [0.0625, 1.4375]},
								"south": {"uv": [0, 1.4375], "uv_size": [1.25, 1.4375]},
								"west": {"uv": [2.875, 7], "uv_size": [0.0625, 1.4375]},
								"up": {"uv": [7.0625, 1.4375], "uv_size": [1.25, 0.0625]},
								"down": {"uv": [7.0625, 1.5625], "uv_size": [1.25, -0.0625]}
							}
						},
						{
							"origin": [-10.56667, 4.66667, -9.93333],
							"size": [20, 23.33333, 1],
							"uv": {
								"north": {"uv": [0, 1.4375], "uv_size": [1.25, 1.4375]},
								"east": {"uv": [2.9375, 7], "uv_size": [0.0625, 1.4375]},
								"south": {"uv": [1.25, 1.4375], "uv_size": [1.25, 1.4375]},
								"west": {"uv": [3, 7], "uv_size": [0.0625, 1.4375]},
								"up": {"uv": [7.0625, 1.5625], "uv_size": [1.25, 0.0625]},
								"down": {"uv": [7.125, 1.4375], "uv_size": [1.25, -0.0625]}
							}
						},
						{
							"origin": [8.43333, 4.66667, -9.93333],
							"size": [1, 23.33333, 20],
							"uv": {
								"north": {"uv": [3.0625, 7], "uv_size": [0.0625, 1.4375]},
								"east": {"uv": [2.5, 0], "uv_size": [1.25, 1.4375]},
								"south": {"uv": [3.125, 7], "uv_size": [0.0625, 1.4375]},
								"west": {"uv": [0, 1.4375], "uv_size": [1.25, 1.4375]},
								"up": {"uv": [0.875, 7.125], "uv_size": [0.0625, 1.25]},
								"down": {"uv": [2.8125, 8.375], "uv_size": [0.0625, -1.25]}
							}
						},
						{
							"origin": [-10.56667, 4.66667, -9.93333],
							"size": [1, 23.33333, 20],
							"uv": {
								"north": {"uv": [7.0625, 0], "uv_size": [0.0625, 1.4375]},
								"east": {"uv": [0, 1.4375], "uv_size": [1.25, 1.4375]},
								"south": {"uv": [5.75, 7.0625], "uv_size": [0.0625, 1.4375]},
								"west": {"uv": [1.25, 2.875], "uv_size": [1.25, 1.4375]},
								"up": {"uv": [5.8125, 7.75], "uv_size": [0.0625, 1.25]},
								"down": {"uv": [5.875, 9], "uv_size": [0.0625, -1.25]}
							}
						}
					]
				},
				{
					"name": "base2",
					"pivot": [0, 35.06667, 0],
					"cubes": [
						{
							"origin": [-10.56667, 39.6, 9.06667],
							"size": [20, 11.6, 1],
							"uv": {
								"north": {"uv": [3.625, 4.875], "uv_size": [1.25, 0.75]},
								"east": {"uv": [0.75, 7.8125], "uv_size": [0.0625, 0.75]},
								"south": {"uv": [4.875, 4.5], "uv_size": [1.25, 0.75]},
								"west": {"uv": [0.8125, 7.8125], "uv_size": [0.0625, 0.75]},
								"up": {"uv": [7.3125, 6.5], "uv_size": [1.25, 0.0625]},
								"down": {"uv": [7.3125, 6.625], "uv_size": [1.25, -0.0625]}
							}
						},
						{
							"origin": [-10.56667, 39.6, -9.93333],
							"size": [20, 11.6, 1],
							"uv": {
								"north": {"uv": [4.875, 4.5], "uv_size": [1.25, 0.75]},
								"east": {"uv": [2.4375, 7.8125], "uv_size": [0.0625, 0.75]},
								"south": {"uv": [5, 0], "uv_size": [1.25, 0.75]},
								"west": {"uv": [2.5, 7.8125], "uv_size": [0.0625, 0.75]},
								"up": {"uv": [7.3125, 6.625], "uv_size": [1.25, 0.0625]},
								"down": {"uv": [7.3125, 6.75], "uv_size": [1.25, -0.0625]}
							}
						},
						{
							"origin": [8.43333, 39.6, -9.93333],
							"size": [1, 11.6, 20],
							"uv": {
								"north": {"uv": [2.5625, 7.8125], "uv_size": [0.0625, 0.75]},
								"east": {"uv": [5, 0.75], "uv_size": [1.25, 0.75]},
								"south": {"uv": [2.625, 7.8125], "uv_size": [0.0625, 0.75]},
								"west": {"uv": [4.875, 4.5], "uv_size": [1.25, 0.75]},
								"up": {"uv": [5.9375, 7.75], "uv_size": [0.0625, 1.25]},
								"down": {"uv": [6, 9], "uv_size": [0.0625, -1.25]}
							}
						},
						{
							"origin": [-10.56667, 39.6, -9.93333],
							"size": [1, 11.6, 20],
							"uv": {
								"north": {"uv": [2.6875, 7.8125], "uv_size": [0.0625, 0.75]},
								"east": {"uv": [4.875, 4.5], "uv_size": [1.25, 0.75]},
								"south": {"uv": [2.75, 7.8125], "uv_size": [0.0625, 0.75]},
								"west": {"uv": [5, 3], "uv_size": [1.25, 0.75]},
								"up": {"uv": [6.0625, 7.75], "uv_size": [0.0625, 1.25]},
								"down": {"uv": [6.125, 9], "uv_size": [0.0625, -1.25]}
							}
						}
					]
				},
				{
					"name": "base3",
					"pivot": [0, 35.06667, 0],
					"cubes": [
						{
							"origin": [-10.56667, 28, 9.06667],
							"size": [20, 11.6, 1],
							"uv": {
								"north": {"uv": [2, 5.25], "uv_size": [1.25, 0.75]},
								"east": {"uv": [3.25, 7.8125], "uv_size": [0.0625, 0.75]},
								"south": {"uv": [4.875, 4.5], "uv_size": [1.25, 0.75]},
								"west": {"uv": [3.3125, 7.8125], "uv_size": [0.0625, 0.75]},
								"up": {"uv": [7.3125, 6.75], "uv_size": [1.25, 0.0625]},
								"down": {"uv": [7.75, 3.0625], "uv_size": [1.25, -0.0625]}
							}
						},
						{
							"origin": [-5.36667, 28, -9.93333],
							"size": [9.6, 2.46667, 1],
							"uv": {
								"north": {"uv": [7.75, 5.8125], "uv_size": [0.625, 0.125]},
								"east": {"uv": [2.4375, 4.8125], "uv_size": [0.0625, 0.125]},
								"south": {"uv": [7.75, 5.9375], "uv_size": [0.625, 0.125]},
								"west": {"uv": [2.4375, 4.9375], "uv_size": [0.0625, 0.125]},
								"up": {"uv": [7.8125, 7.4375], "uv_size": [0.625, 0.0625]},
								"down": {"uv": [7.8125, 7.5625], "uv_size": [0.625, -0.0625]}
							}
						},
						{
							"origin": [-9.56667, 28, -9.93333],
							"size": [4.2, 11.6, 1],
							"uv": {
								"north": {"uv": [0.9375, 6.0625], "uv_size": [0.25, 0.75]},
								"east": {"uv": [3.375, 7.8125], "uv_size": [0.0625, 0.75]},
								"south": {"uv": [1.1875, 6.75], "uv_size": [0.25, 0.75]},
								"west": {"uv": [3.4375, 7.8125], "uv_size": [0.0625, 0.75]},
								"up": {"uv": [7.8125, 7.6875], "uv_size": [0.25, 0.0625]},
								"down": {"uv": [7.875, 0.4375], "uv_size": [0.25, -0.0625]}
							}
						},
						{
							"origin": [4.23333, 28, -9.93333],
							"size": [4.2, 11.6, 1],
							"uv": {
								"north": {"uv": [1.4375, 6.75], "uv_size": [0.25, 0.75]},
								"east": {"uv": [3.5, 7.8125], "uv_size": [0.0625, 0.75]},
								"south": {"uv": [1.6875, 6.75], "uv_size": [0.25, 0.75]},
								"west": {"uv": [3.5625, 7.8125], "uv_size": [0.0625, 0.75]},
								"up": {"uv": [7.875, 0.4375], "uv_size": [0.25, 0.0625]},
								"down": {"uv": [7.875, 0.5625], "uv_size": [0.25, -0.0625]}
							}
						},
						{
							"origin": [8.43333, 28, -9.93333],
							"size": [1, 11.6, 20],
							"uv": {
								"north": {"uv": [3.625, 7.8125], "uv_size": [0.0625, 0.75]},
								"east": {"uv": [0, 5.3125], "uv_size": [1.25, 0.75]},
								"south": {"uv": [3.6875, 7.8125], "uv_size": [0.0625, 0.75]},
								"west": {"uv": [4.875, 4.5], "uv_size": [1.25, 0.75]},
								"up": {"uv": [6.1875, 7.75], "uv_size": [0.0625, 1.25]},
								"down": {"uv": [6.25, 9], "uv_size": [0.0625, -1.25]}
							}
						},
						{
							"origin": [-10.56667, 28, -9.93333],
							"size": [1, 11.6, 20],
							"uv": {
								"north": {"uv": [3.75, 7.8125], "uv_size": [0.0625, 0.75]},
								"east": {"uv": [4.875, 4.5], "uv_size": [1.25, 0.75]},
								"south": {"uv": [3.8125, 7.8125], "uv_size": [0.0625, 0.75]},
								"west": {"uv": [4.5, 6], "uv_size": [1.25, 0.75]},
								"up": {"uv": [6.3125, 7.75], "uv_size": [0.0625, 1.25]},
								"down": {"uv": [6.375, 9], "uv_size": [0.0625, -1.25]}
							}
						}
					]
				},
				{
					"name": "bone",
					"pivot": [0, 0, 0],
					"cubes": [
						{
							"origin": [-10.56667, 4.66667, -9.93333],
							"size": [20, 1, 20],
							"uv": {
								"north": {"uv": [7.75, 3.0625], "uv_size": [1.25, 0.0625]},
								"east": {"uv": [7.75, 6.0625], "uv_size": [1.25, 0.0625]},
								"south": {"uv": [7.75, 6.125], "uv_size": [1.25, 0.0625]},
								"west": {"uv": [7.75, 6.1875], "uv_size": [1.25, 0.0625]},
								"up": {"uv": [2.5, 2.875], "uv_size": [1.25, 1.25]},
								"down": {"uv": [3.75, 1.25], "uv_size": [1.25, -1.25]}
							}
						},
						{
							"origin": [-6.56667, 3.13333, -5.93333],
							"size": [12, 1.5, 12],
							"uv": {
								"north": {"uv": [7, 3], "uv_size": [0.75, 0.125]},
								"east": {"uv": [7, 3.75], "uv_size": [0.75, 0.125]},
								"south": {"uv": [7, 3.875], "uv_size": [0.75, 0.125]},
								"west": {"uv": [7, 4], "uv_size": [0.75, 0.125]},
								"up": {"uv": [2.5, 6], "uv_size": [0.75, 0.75]},
								"down": {"uv": [6.25, 2.375], "uv_size": [0.75, -0.75]}
							}
						},
						{
							"origin": [-7.16667, 1.63333, -6.53333],
							"size": [13.2, 1.5, 13.2],
							"uv": {
								"north": {"uv": [7, 2.5], "uv_size": [0.8125, 0.125]},
								"east": {"uv": [7, 2.625], "uv_size": [0.8125, 0.125]},
								"south": {"uv": [7, 2.75], "uv_size": [0.8125, 0.125]},
								"west": {"uv": [7, 2.875], "uv_size": [0.8125, 0.125]},
								"up": {"uv": [6.25, 0], "uv_size": [0.8125, 0.8125]},
								"down": {"uv": [6.25, 1.625], "uv_size": [0.8125, -0.8125]}
							}
						},
						{
							"origin": [-7.82667, 0.13333, -7.19333],
							"size": [14.52, 1.5, 14.52],
							"uv": {
								"north": {"uv": [0, 7], "uv_size": [0.9375, 0.125]},
								"east": {"uv": [7, 1.75], "uv_size": [0.9375, 0.125]},
								"south": {"uv": [7, 1.875], "uv_size": [0.9375, 0.125]},
								"west": {"uv": [1.9375, 7], "uv_size": [0.9375, 0.125]},
								"up": {"uv": [5.75, 6], "uv_size": [0.9375, 0.9375]},
								"down": {"uv": [0, 7], "uv_size": [0.9375, -0.9375]}
							}
						}
					]
				},
				{
					"name": "bone2",
					"pivot": [0, 0, 0],
					"cubes": [
						{
							"origin": [-10.56667, 50.98333, -9.93333],
							"size": [20, 1.56667, 20],
							"uv": {
								"north": {"uv": [11.375, 12.4375], "uv_size": [1.25, 0.125]},
								"east": {"uv": [14.8125, 13.9375], "uv_size": [1.25, 0.125]},
								"south": {"uv": [11.8125, 11.875], "uv_size": [1.25, 0.125]},
								"west": {"uv": [11.75, 12], "uv_size": [1.25, 0.125]},
								"up": {"uv": [11, 11.6875], "uv_size": [1.25, 1.25]},
								"down": {"uv": [3.75, 3.75], "uv_size": [1.25, -1.25]}
							}
						},
						{
							"origin": [-9.56667, 52.28333, -8.93333],
							"size": [18, 1.56667, 18],
							"uv": {
								"north": {"uv": [10.8125, 11.875], "uv_size": [1.125, 0.125]},
								"east": {"uv": [12.125, 15.9375], "uv_size": [3.875, 0.0625]},
								"south": {"uv": [15.9375, 15.9375], "uv_size": [0.0625, 0.0625]},
								"west": {"uv": [10.75, 12.75], "uv_size": [1.125, 0.125]},
								"up": {"uv": [15.4375, 15.9375], "uv_size": [0.0625, 0.0625]},
								"down": {"uv": [2.5, 5.25], "uv_size": [1.125, -1.125]}
							}
						},
						{
							"origin": [-8.56667, 53.58333, -7.93333],
							"size": [16, 1.56667, 16],
							"uv": {
								"north": {"uv": [15.9375, 15.875], "uv_size": [0.0625, 0.0625]},
								"east": {"uv": [10.25, 11], "uv_size": [0.0625, 0.0625]},
								"south": {"uv": [15.9375, 15.9375], "uv_size": [0.0625, 0.0625]},
								"west": {"uv": [15.9375, 15.9375], "uv_size": [0.0625, 0.0625]},
								"up": {"uv": [15.9375, 15.9375], "uv_size": [0.0625, 0.0625]},
								"down": {"uv": [1, 5.3125], "uv_size": [1, -1]}
							}
						},
						{
							"origin": [-7.56667, 54.88333, -6.93333],
							"size": [14, 1.56667, 14],
							"uv": {
								"north": {"uv": [12, 14], "uv_size": [0.875, 0.125]},
								"east": {"uv": [11, 13], "uv_size": [0.875, 0.125]},
								"south": {"uv": [14, 14], "uv_size": [0.875, 0.125]},
								"west": {"uv": [14, 14], "uv_size": [0.875, 0.125]},
								"up": {"uv": [13, 12], "uv_size": [0.875, 0.875]},
								"down": {"uv": [6.125, 5.5], "uv_size": [0.875, -0.875]}
							}
						},
						{
							"origin": [-6.56667, 56.18333, -5.93333],
							"size": [12, 1.56667, 12],
							"uv": {
								"north": {"uv": [11, 12], "uv_size": [0.75, 0.125]},
								"east": {"uv": [12, 12], "uv_size": [0.75, 0.125]},
								"south": {"uv": [12, 14], "uv_size": [0.75, 0.125]},
								"west": {"uv": [11, 11], "uv_size": [0.75, 0.125]},
								"up": {"uv": [11, 12], "uv_size": [0.75, 0.75]},
								"down": {"uv": [3.25, 7.125], "uv_size": [0.75, -0.75]}
							}
						},
						{
							"origin": [-5.96667, 57.48333, -5.33333],
							"size": [10.8, 1.56667, 10.8],
							"uv": {
								"north": {"uv": [11, 12], "uv_size": [0.6875, 0.125]},
								"east": {"uv": [11, 12], "uv_size": [0.6875, 0.125]},
								"south": {"uv": [11, 12], "uv_size": [0.6875, 0.125]},
								"west": {"uv": [12, 13], "uv_size": [0.6875, 0.125]},
								"up": {"uv": [12, 12], "uv_size": [0.6875, 0.6875]},
								"down": {"uv": [6.6875, 6.1875], "uv_size": [0.6875, -0.6875]}
							}
						},
						{
							"origin": [-5.36667, 58.78333, -4.73333],
							"size": [9.6, 1.56667, 9.6],
							"uv": {
								"north": {"uv": [11, 12], "uv_size": [0.625, 0.125]},
								"east": {"uv": [11, 12], "uv_size": [0.625, 0.125]},
								"south": {"uv": [11, 12], "uv_size": [0.625, 0.125]},
								"west": {"uv": [11, 12], "uv_size": [0.625, 0.125]},
								"up": {"uv": [11, 12], "uv_size": [0.625, 0.625]},
								"down": {"uv": [6.6875, 6.8125], "uv_size": [0.625, -0.625]}
							}
						},
						{
							"origin": [-4.76667, 60.08333, -4.13333],
							"size": [8.4, 1.56667, 8.4],
							"uv": {
								"north": {"uv": [11, 12], "uv_size": [0.5, 0.125]},
								"east": {"uv": [11, 12], "uv_size": [0.5, 0.125]},
								"south": {"uv": [11, 13], "uv_size": [0.5, 0.125]},
								"west": {"uv": [11, 13], "uv_size": [0.5, 0.125]},
								"up": {"uv": [11.5, 11.5], "uv_size": [0.5, 0.5]},
								"down": {"uv": [6.125, 6], "uv_size": [0.5, -0.5]}
							}
						},
						{
							"origin": [-4.16667, 61.38333, -3.53333],
							"size": [7.2, 1.56667, 7.2],
							"uv": {
								"north": {"uv": [12, 12], "uv_size": [0.4375, 0.125]},
								"east": {"uv": [11, 11], "uv_size": [0.4375, 0.125]},
								"south": {"uv": [11, 11], "uv_size": [0.4375, 0.125]},
								"west": {"uv": [11, 12], "uv_size": [0.4375, 0.125]},
								"up": {"uv": [11.5625, 12.5625], "uv_size": [0.4375, 0.4375]},
								"down": {"uv": [4, 6.8125], "uv_size": [0.4375, -0.4375]}
							}
						},
						{
							"origin": [-3.37467, 62.78333, -2.74133],
							"size": [5.616, 1.56667, 5.616],
							"uv": {
								"north": {"uv": [12, 12], "uv_size": [0.375, 0.125]},
								"east": {"uv": [11, 12], "uv_size": [0.375, 0.125]},
								"south": {"uv": [11, 12], "uv_size": [0.375, 0.125]},
								"west": {"uv": [11, 12], "uv_size": [0.375, 0.125]},
								"up": {"uv": [12.625, 11.625], "uv_size": [0.375, 0.375]},
								"down": {"uv": [4.5, 6], "uv_size": [0.375, -0.375]}
							}
						},
						{
							"origin": [-2.69176, 64.05, -2.05843],
							"size": [4.25019, 1.56667, 4.25019],
							"uv": {
								"north": {"uv": [11, 12], "uv_size": [0.25, 0.125]},
								"east": {"uv": [11, 11], "uv_size": [0.25, 0.125]},
								"south": {"uv": [12, 12], "uv_size": [0.25, 0.125]},
								"west": {"uv": [12, 12], "uv_size": [0.25, 0.125]},
								"up": {"uv": [10.75, 10.75], "uv_size": [0.25, 0.25]},
								"down": {"uv": [0.5, 8.0625], "uv_size": [0.25, -0.25]}
							}
						}
					]
				},
				{
					"name": "bone3",
					"pivot": [-0.53333, 0, 0],
					"cubes": [
						{
							"origin": [9.39333, 11.09173, -0.76],
							"size": [2.064, 11.46667, 1.72],
							"uv": {
								"north": {"uv": [3.625, 4.125], "uv_size": [0.125, 0.6875]},
								"east": {"uv": [5.8125, 7.0625], "uv_size": [0.125, 0.6875]},
								"south": {"uv": [5.9375, 7.0625], "uv_size": [0.125, 0.6875]},
								"west": {"uv": [6.0625, 7.0625], "uv_size": [0.125, 0.6875]},
								"up": {"uv": [7.25, 5.125], "uv_size": [0.125, 0.125]},
								"down": {"uv": [7.25, 5.375], "uv_size": [0.125, -0.125]}
							}
						},
						{
							"origin": [11.28533, 9.19973, -0.76],
							"size": [2.064, 11.46667, 1.72],
							"uv": {
								"north": {"uv": [6.1875, 7.0625], "uv_size": [0.125, 0.6875]},
								"east": {"uv": [6.3125, 7.0625], "uv_size": [0.125, 0.6875]},
								"south": {"uv": [6.4375, 7.0625], "uv_size": [0.125, 0.6875]},
								"west": {"uv": [6.5625, 7.0625], "uv_size": [0.125, 0.6875]},
								"up": {"uv": [3.875, 7.8125], "uv_size": [0.125, 0.125]},
								"down": {"uv": [7.875, 0.6875], "uv_size": [0.125, -0.125]}
							}
						},
						{
							"origin": [13.17733, 7.02107, -0.76],
							"size": [2.064, 11.46667, 1.72],
							"uv": {
								"north": {"uv": [6.6875, 7.0625], "uv_size": [0.125, 0.6875]},
								"east": {"uv": [6.8125, 7.0625], "uv_size": [0.125, 0.6875]},
								"south": {"uv": [6.9375, 7.0625], "uv_size": [0.125, 0.6875]},
								"west": {"uv": [7.0625, 7.0625], "uv_size": [0.125, 0.6875]},
								"up": {"uv": [7.875, 0.6875], "uv_size": [0.125, 0.125]},
								"down": {"uv": [7.875, 0.9375], "uv_size": [0.125, -0.125]}
							}
						},
						{
							"origin": [15.12667, 4.78507, -0.76],
							"size": [2.064, 11.46667, 1.72],
							"uv": {
								"north": {"uv": [0, 7.125], "uv_size": [0.125, 0.6875]},
								"east": {"uv": [7.125, 0], "uv_size": [0.125, 0.6875]},
								"south": {"uv": [0.125, 7.125], "uv_size": [0.125, 0.6875]},
								"west": {"uv": [0.25, 7.125], "uv_size": [0.125, 0.6875]},
								"up": {"uv": [7.875, 0.9375], "uv_size": [0.125, 0.125]},
								"down": {"uv": [7.875, 1.1875], "uv_size": [0.125, -0.125]}
							}
						},
						{
							"origin": [17.19067, 1.28773, -0.76],
							"size": [2.064, 20.296, 1.72],
							"uv": {
								"north": {"uv": [0.9375, 6.8125], "uv_size": [0.125, 1.25]},
								"east": {"uv": [1.0625, 6.8125], "uv_size": [0.125, 1.25]},
								"south": {"uv": [4, 6.8125], "uv_size": [0.125, 1.25]},
								"west": {"uv": [4.125, 6.8125], "uv_size": [0.125, 1.25]},
								"up": {"uv": [7.875, 1.1875], "uv_size": [0.125, 0.125]},
								"down": {"uv": [7.875, 2.125], "uv_size": [0.125, -0.125]}
							}
						}
					]
				},
				{
					"name": "bone4",
					"pivot": [-0.2, 0, 0],
					"cubes": [
						{
							"origin": [-12.324, 11.09173, -0.76],
							"size": [2.064, 11.46667, 1.72],
							"uv": {
								"north": {"uv": [0.375, 7.125], "uv_size": [0.125, 0.6875]},
								"east": {"uv": [0.5, 7.125], "uv_size": [0.125, 0.6875]},
								"south": {"uv": [0.625, 7.125], "uv_size": [0.125, 0.6875]},
								"west": {"uv": [7.125, 0.6875], "uv_size": [0.125, 0.6875]},
								"up": {"uv": [7.875, 2.125], "uv_size": [0.125, 0.125]},
								"down": {"uv": [7.875, 2.375], "uv_size": [0.125, -0.125]}
							}
						},
						{
							"origin": [-14.216, 9.19973, -0.76],
							"size": [2.064, 11.46667, 1.72],
							"uv": {
								"north": {"uv": [0.75, 7.125], "uv_size": [0.125, 0.6875]},
								"east": {"uv": [1.9375, 7.125], "uv_size": [0.125, 0.6875]},
								"south": {"uv": [2.0625, 7.125], "uv_size": [0.125, 0.6875]},
								"west": {"uv": [2.1875, 7.125], "uv_size": [0.125, 0.6875]},
								"up": {"uv": [7.875, 2.375], "uv_size": [0.125, 0.125]},
								"down": {"uv": [7.875, 3.75], "uv_size": [0.125, -0.125]}
							}
						},
						{
							"origin": [-16.108, 7.02107, -0.76],
							"size": [2.064, 11.46667, 1.72],
							"uv": {
								"north": {"uv": [2.3125, 7.125], "uv_size": [0.125, 0.6875]},
								"east": {"uv": [2.4375, 7.125], "uv_size": [0.125, 0.6875]},
								"south": {"uv": [2.5625, 7.125], "uv_size": [0.125, 0.6875]},
								"west": {"uv": [2.6875, 7.125], "uv_size": [0.125, 0.6875]},
								"up": {"uv": [7.875, 3.75], "uv_size": [0.125, 0.125]},
								"down": {"uv": [7.875, 4], "uv_size": [0.125, -0.125]}
							}
						},
						{
							"origin": [-18.05733, 4.78507, -0.76],
							"size": [2.064, 11.46667, 1.72],
							"uv": {
								"north": {"uv": [3.25, 7.125], "uv_size": [0.125, 0.6875]},
								"east": {"uv": [3.375, 7.125], "uv_size": [0.125, 0.6875]},
								"south": {"uv": [3.5, 7.125], "uv_size": [0.125, 0.6875]},
								"west": {"uv": [3.625, 7.125], "uv_size": [0.125, 0.6875]},
								"up": {"uv": [7.875, 4], "uv_size": [0.125, 0.125]},
								"down": {"uv": [7.875, 4.25], "uv_size": [0.125, -0.125]}
							}
						},
						{
							"origin": [-20.12133, 1.28773, -0.76],
							"size": [2.064, 20.296, 1.72],
							"uv": {
								"north": {"uv": [4.25, 6.8125], "uv_size": [0.125, 1.25]},
								"east": {"uv": [4.375, 6.875], "uv_size": [0.125, 1.25]},
								"south": {"uv": [4.5, 6.875], "uv_size": [0.125, 1.25]},
								"west": {"uv": [4.625, 6.875], "uv_size": [0.125, 1.25]},
								"up": {"uv": [7.875, 4.25], "uv_size": [0.125, 0.125]},
								"down": {"uv": [7.875, 4.5], "uv_size": [0.125, -0.125]}
							}
						}
					]
				},
				{
					"name": "bone5",
					"pivot": [-6.13333, 0, -5.33333],
					"rotation": [0, -90, 0],
					"cubes": [
						{
							"origin": [-12.59067, 11.09173, -11.62667],
							"size": [2.064, 11.46667, 1.72],
							"uv": {
								"north": {"uv": [3.75, 7.125], "uv_size": [0.125, 0.6875]},
								"east": {"uv": [3.875, 7.125], "uv_size": [0.125, 0.6875]},
								"south": {"uv": [7.1875, 7.0625], "uv_size": [0.125, 0.6875]},
								"west": {"uv": [7.25, 0], "uv_size": [0.125, 0.6875]},
								"up": {"uv": [7.875, 4.5], "uv_size": [0.125, 0.125]},
								"down": {"uv": [7.875, 4.75], "uv_size": [0.125, -0.125]}
							}
						},
						{
							"origin": [-14.48267, 9.19973, -11.62667],
							"size": [2.064, 11.46667, 1.72],
							"uv": {
								"north": {"uv": [7.25, 0.6875], "uv_size": [0.125, 0.6875]},
								"east": {"uv": [7.3125, 7.0625], "uv_size": [0.125, 0.6875]},
								"south": {"uv": [7.375, 0], "uv_size": [0.125, 0.6875]},
								"west": {"uv": [7.375, 0.6875], "uv_size": [0.125, 0.6875]},
								"up": {"uv": [7.875, 4.75], "uv_size": [0.125, 0.125]},
								"down": {"uv": [7.875, 5], "uv_size": [0.125, -0.125]}
							}
						},
						{
							"origin": [-16.37467, 7.02107, -11.62667],
							"size": [2.064, 11.46667, 1.72],
							"uv": {
								"north": {"uv": [7.375, 5.125], "uv_size": [0.125, 0.6875]},
								"east": {"uv": [7.375, 5.8125], "uv_size": [0.125, 0.6875]},
								"south": {"uv": [7.4375, 7.0625], "uv_size": [0.125, 0.6875]},
								"west": {"uv": [7.5, 0], "uv_size": [0.125, 0.6875]},
								"up": {"uv": [7.875, 5], "uv_size": [0.125, 0.125]},
								"down": {"uv": [7.875, 5.25], "uv_size": [0.125, -0.125]}
							}
						},
						{
							"origin": [-18.324, 4.78507, -11.62667],
							"size": [2.064, 11.46667, 1.72],
							"uv": {
								"north": {"uv": [7.5, 0.6875], "uv_size": [0.125, 0.6875]},
								"east": {"uv": [1.1875, 7.5], "uv_size": [0.125, 0.6875]},
								"south": {"uv": [1.3125, 7.5], "uv_size": [0.125, 0.6875]},
								"west": {"uv": [1.4375, 7.5], "uv_size": [0.125, 0.6875]},
								"up": {"uv": [7.875, 5.25], "uv_size": [0.125, 0.125]},
								"down": {"uv": [7.875, 5.5], "uv_size": [0.125, -0.125]}
							}
						},
						{
							"origin": [-20.388, 1.28773, -11.62667],
							"size": [2.064, 20.296, 1.72],
							"uv": {
								"north": {"uv": [4.75, 6.875], "uv_size": [0.125, 1.25]},
								"east": {"uv": [4.875, 6.875], "uv_size": [0.125, 1.25]},
								"south": {"uv": [5, 6.875], "uv_size": [0.125, 1.25]},
								"west": {"uv": [5.125, 6.875], "uv_size": [0.125, 1.25]},
								"up": {"uv": [7.875, 5.5], "uv_size": [0.125, 0.125]},
								"down": {"uv": [7.875, 5.75], "uv_size": [0.125, -0.125]}
							}
						}
					]
				},
				{
					"name": "bone6",
					"pivot": [-6.13333, 0, -5.93333],
					"rotation": [0, 90, 0],
					"cubes": [
						{
							"origin": [-23.79067, 11.09173, -1.36],
							"size": [2.064, 11.46667, 1.72],
							"uv": {
								"north": {"uv": [1.5625, 7.5], "uv_size": [0.125, 0.6875]},
								"east": {"uv": [1.6875, 7.5], "uv_size": [0.125, 0.6875]},
								"south": {"uv": [1.8125, 7.5], "uv_size": [0.125, 0.6875]},
								"west": {"uv": [7.5, 5.125], "uv_size": [0.125, 0.6875]},
								"up": {"uv": [6.4375, 7.875], "uv_size": [0.125, 0.125]},
								"down": {"uv": [6.5625, 8], "uv_size": [0.125, -0.125]}
							}
						},
						{
							"origin": [-25.68267, 9.19973, -1.36],
							"size": [2.064, 11.46667, 1.72],
							"uv": {
								"north": {"uv": [7.5, 5.8125], "uv_size": [0.125, 0.6875]},
								"east": {"uv": [7.5625, 7.0625], "uv_size": [0.125, 0.6875]},
								"south": {"uv": [7.625, 0], "uv_size": [0.125, 0.6875]},
								"west": {"uv": [7.625, 0.6875], "uv_size": [0.125, 0.6875]},
								"up": {"uv": [6.6875, 7.875], "uv_size": [0.125, 0.125]},
								"down": {"uv": [6.8125, 8], "uv_size": [0.125, -0.125]}
							}
						},
						{
							"origin": [-27.57467, 7.02107, -1.36],
							"size": [2.064, 11.46667, 1.72],
							"uv": {
								"north": {"uv": [7.625, 5.125], "uv_size": [0.125, 0.6875]},
								"east": {"uv": [7.625, 5.8125], "uv_size": [0.125, 0.6875]},
								"south": {"uv": [7.6875, 7.0625], "uv_size": [0.125, 0.6875]},
								"west": {"uv": [7.75, 0], "uv_size": [0.125, 0.6875]},
								"up": {"uv": [6.9375, 7.875], "uv_size": [0.125, 0.125]},
								"down": {"uv": [7.0625, 8], "uv_size": [0.125, -0.125]}
							}
						},
						{
							"origin": [-29.524, 4.78507, -1.36],
							"size": [2.064, 11.46667, 1.72],
							"uv": {
								"north": {"uv": [7.75, 0.6875], "uv_size": [0.125, 0.6875]},
								"east": {"uv": [7.75, 3.75], "uv_size": [0.125, 0.6875]},
								"south": {"uv": [7.75, 4.4375], "uv_size": [0.125, 0.6875]},
								"west": {"uv": [7.75, 5.125], "uv_size": [0.125, 0.6875]},
								"up": {"uv": [7.1875, 7.875], "uv_size": [0.125, 0.125]},
								"down": {"uv": [7.3125, 8], "uv_size": [0.125, -0.125]}
							}
						},
						{
							"origin": [-31.588, 1.28773, -1.36],
							"size": [2.064, 20.296, 1.72],
							"uv": {
								"north": {"uv": [5.25, 6.875], "uv_size": [0.125, 1.25]},
								"east": {"uv": [5.375, 6.875], "uv_size": [0.125, 1.25]},
								"south": {"uv": [5.5, 6.875], "uv_size": [0.125, 1.25]},
								"west": {"uv": [5.625, 6.875], "uv_size": [0.125, 1.25]},
								"up": {"uv": [7.4375, 7.875], "uv_size": [0.125, 0.125]},
								"down": {"uv": [7.5625, 8], "uv_size": [0.125, -0.125]}
							}
						}
					]
				}
			]
		}
	]
}