{"stats":{"minecraft:used":{"minecraft:end_rod":6,"minecraft:acacia_sign":10,"minecraft:oak_sign":13,"minecraft:ice":107,"minecraft:chest":2,"minecraft:stone":112,"minecraft:spruce_log":10,"minecraft:crimson_planks":39},"minecraft:custom":{"minecraft:open_chest":4,"minecraft:time_since_rest":54463,"minecraft:crouch_one_cm":1819,"minecraft:sprint_one_cm":7281,"minecraft:play_time":54463,"minecraft:walk_one_cm":21417,"minecraft:sneak_time":5038,"minecraft:walk_under_water_one_cm":8192,"minecraft:jump":82,"minecraft:leave_game":3,"minecraft:walk_on_water_one_cm":5012,"minecraft:time_since_death":54463,"minecraft:interact_with_beacon":1,"minecraft:total_world_time":82228,"minecraft:fly_one_cm":2367354},"minecraft:picked_up":{"minecraft:acacia_sign":6,"minecraft:potion":32}},"DataVersion":3218}