{"stat.chestOpened":19,"stat.useItem.minecraft.bow":5,"stat.pickup.minecraft.bone":2,"stat.recordPlayed":2,"stat.horseOneCm":1728,"stat.leaveGame":8,"stat.pickup.minecraft.arrow":1,"stat.useItem.minecraft.diamond_sword":124,"stat.jump":287,"stat.fallOneCm":17561,"stat.drop.minecraft.diamond_sword":1,"stat.pickup.minecraft.porkchop":6,"stat.crouchOneCm":5874,"stat.drop.minecraft.brown_mushroom":1,"stat.pickup.minecraft.dirt":1,"stat.useItem.minecraft.stone_slab2":4463,"stat.useItem.minecraft.light_weighted_pressure_plate":1,"stat.useItem.minecraft.water_bucket":6,"stat.pickup.minecraft.rotten_flesh":1,"stat.useItem.minecraft.red_flower":9,"stat.damageTaken":1860,"stat.pickup.minecraft.leather":2,"stat.pickup.minecraft.record_cat":1,"stat.pickup.minecraft.observer":1,"stat.noteblockTuned":7,"stat.pickup.minecraft.record_ward":1,"stat.killEntity.Llama":3,"stat.flyOneCm":569388,"stat.pickup.minecraft.brown_mushroom":1,"stat.killEntity.Villager":2,"stat.damageDealt":3843,"stat.drop.minecraft.gold_ingot":11,"stat.timeSinceDeath":175180,"stat.useItem.minecraft.spawn_egg":50,"stat.killEntity.Pig":6,"stat.walkOneCm":113313,"stat.trappedChestTriggered":1,"stat.killEntity.Wolf":1,"stat.talkedToVillager":12,"stat.shulkerBoxOpened":2,"stat.sprintOneCm":63902,"stat.pickup.minecraft.gold_ingot":11,"stat.killEntity.Skeleton":1,"stat.mobKills":29,"stat.useItem.minecraft.dye":40,"stat.pickup.minecraft.spawn_egg":1,"stat.pickup.minecraft.water_bucket":1,"stat.deaths":1,"stat.drop":13,"stat.playOneMinute":256262,"stat.pickup.minecraft.red_flower":1,"stat.sneakTime":7183}