{"stats":{"minecraft:picked_up":{"minecraft:lead":1},"minecraft:custom":{"minecraft:jump":211,"minecraft:time_since_rest":246298,"minecraft:damage_dealt":450,"minecraft:play_one_minute":246949,"minecraft:crouch_one_cm":2694,"minecraft:damage_taken":240,"minecraft:leave_game":6,"minecraft:sprint_one_cm":1541,"minecraft:time_since_death":246803,"minecraft:walk_one_cm":24377,"minecraft:deaths":1,"minecraft:sneak_time":1500,"minecraft:mob_kills":2,"minecraft:tune_noteblock":670,"minecraft:fly_one_cm":213708},"minecraft:killed":{"minecraft:trader_llama":1},"minecraft:used":{"minecraft:note_block":63,"minecraft:quartz_block":54,"minecraft:glass":17,"minecraft:black_concrete":1,"minecraft:stone":32,"minecraft:emerald_block":14,"minecraft:red_concrete":8}},"DataVersion":1963}