{"stats":{"minecraft:custom":{"minecraft:time_since_rest":99980,"minecraft:sprint_one_cm":729,"minecraft:walk_one_cm":11818,"minecraft:interact_with_anvil":1,"minecraft:mob_kills":4,"minecraft:drop":3,"minecraft:inspect_hopper":8,"minecraft:damage_dealt":160,"minecraft:fly_one_cm":301210,"minecraft:open_chest":59,"minecraft:crouch_one_cm":5831,"minecraft:play_one_minute":99980,"minecraft:sneak_time":4353,"minecraft:jump":64,"minecraft:leave_game":1,"minecraft:walk_on_water_one_cm":12104,"minecraft:time_since_death":99980},"minecraft:dropped":{"minecraft:iron_ingot":12,"minecraft:poppy":2},"minecraft:picked_up":{"minecraft:stone":19,"minecraft:rotten_flesh":1,"minecraft:oak_sign":3,"minecraft:iron_ingot":12,"minecraft:redstone_torch":3,"minecraft:poppy":2},"minecraft:used":{"minecraft:redstone_torch":29,"minecraft:oak_trapdoor":34,"minecraft:sticky_piston":27,"minecraft:glass":755,"minecraft:water_bucket":89,"minecraft:packed_ice":39,"minecraft:lava_bucket":13,"minecraft:villager_spawn_egg":24,"minecraft:iron_block":575,"minecraft:redstone":23,"minecraft:oak_sign":36,"minecraft:chest":43,"minecraft:zombie_spawn_egg":12,"minecraft:redstone_block":1,"minecraft:fletching_table":39,"minecraft:repeater":3,"minecraft:anvil":1,"minecraft:comparator":5,"minecraft:hopper":31,"minecraft:smooth_stone_slab":9,"minecraft:white_bed":24,"minecraft:stone_pressure_plate":8,"minecraft:stone_brick_wall":146,"minecraft:oak_fence_gate":61}},"DataVersion":2580}