{
    "__createdwith": "opl's Model Creator",
    "parent": "block/block",
    "ambientocclusion": false,
    "textures": {
        "log": "block/campfire_log",
        "particle": "block/campfire_log",
        "fire": "block/campfire_fire",
        "lit_log": "block/campfire_log_lit"
    },
    "elements": [
        {
            "from": [1,0,0],
            "to": [5,4,16],
            "faces": {
                "up": {
                    "uv": [0,0,16,4],
                    "texture": "#log",
                    "rotation": 90
                },
                "down": {
                    "uv": [0,0,16,4],
                    "texture": "#log",
                    "rotation": 90
                },
                "west": {
                    "uv": [0,0,16,4],
                    "texture": "#log"
                },
                "east": {
                    "uv": [0,0,16,4],
                    "texture": "#log"
                },
                "north": {
                    "uv": [0,4,4,8],
                    "texture": "#log"
                },
                "south": {
                    "uv": [0,4,4,8],
                    "texture": "#log"
                }
            }
        },
        {
            "from": [1,6,0],
            "to": [5,10,16],
            "faces": {
                "up": {
                    "uv": [0,0,16,4],
                    "texture": "#log",
                    "rotation": 90
                },
                "down": {
                    "uv": [0,4,16,8],
                    "texture": "#lit_log",
                    "rotation": 90
                },
                "west": {
                    "uv": [0,0,16,4],
                    "texture": "#lit_log"
                },
                "east": {
                    "uv": [0,0,16,4],
                    "texture": "#lit_log"
                },
                "north": {
                    "uv": [0,4,4,8],
                    "texture": "#log"
                },
                "south": {
                    "uv": [0,4,4,8],
                    "texture": "#log"
                }
            }
        },
        {
            "from": [5,0,0],
            "to": [11,2,16],
            "faces": {
                "up": {
                    "uv": [0,8,16,14],
                    "texture": "#lit_log",
                    "rotation": 90
                },
                "down": {
                    "uv": [0,9,16,15],
                    "texture": "#log",
                    "rotation": 90
                },
                "north": {
                    "uv": [10,14,16,16],
                    "texture": "#log"
                },
                "south": {
                    "uv": [0,14,6,16],
                    "texture": "#log"
                }
            }
        },
        {
            "from": [11,6,0],
            "to": [15,10,16],
            "faces": {
                "up": {
                    "uv": [0,0,16,4],
                    "texture": "#log",
                    "rotation": 90
                },
                "down": {
                    "uv": [0,4,16,8],
                    "texture": "#lit_log",
                    "rotation": 90
                },
                "west": {
                    "uv": [0,0,16,4],
                    "texture": "#lit_log"
                },
                "east": {
                    "uv": [0,0,16,4],
                    "texture": "#lit_log"
                },
                "north": {
                    "uv": [0,4,4,8],
                    "texture": "#log"
                },
                "south": {
                    "uv": [0,4,4,8],
                    "texture": "#log"
                }
            }
        },
        {
            "from": [11,0,0],
            "to": [15,4,16],
            "faces": {
                "up": {
                    "uv": [0,0,16,4],
                    "texture": "#log",
                    "rotation": 90
                },
                "down": {
                    "uv": [0,0,16,4],
                    "texture": "#log",
                    "rotation": 90
                },
                "west": {
                    "uv": [0,0,16,4],
                    "texture": "#log"
                },
                "east": {
                    "uv": [0,0,16,4],
                    "texture": "#log"
                },
                "north": {
                    "uv": [0,4,4,8],
                    "texture": "#log"
                },
                "south": {
                    "uv": [0,4,4,8],
                    "texture": "#log"
                }
            }
        },
        {
            "from": [0,3,1],
            "to": [16,7,5],
            "faces": {
                "up": {
                    "uv": [0,0,16,4],
                    "texture": "#log"
                },
                "down": {
                    "uv": [0,4,16,8],
                    "texture": "#lit_log"
                },
                "west": {
                    "uv": [0,4,4,8],
                    "texture": "#log"
                },
                "east": {
                    "uv": [0,4,4,8],
                    "texture": "#log"
                },
                "north": {
                    "uv": [0,0,16,4],
                    "texture": "#lit_log"
                },
                "south": {
                    "uv": [0,0,16,4],
                    "texture": "#lit_log"
                }
            }
        },
        {
            "from": [0,3,11],
            "to": [16,7,15],
            "faces": {
                "up": {
                    "uv": [0,0,16,4],
                    "texture": "#log"
                },
                "down": {
                    "uv": [0,4,16,8],
                    "texture": "#lit_log"
                },
                "west": {
                    "uv": [0,4,4,8],
                    "texture": "#log"
                },
                "east": {
                    "uv": [0,4,4,8],
                    "texture": "#log"
                },
                "north": {
                    "uv": [0,0,16,4],
                    "texture": "#lit_log"
                },
                "south": {
                    "uv": [0,0,16,4],
                    "texture": "#lit_log"
                }
            }
        },
        {
            "from": [0,9,1],
            "to": [16,13,5],
            "faces": {
                "up": {
                    "uv": [0,0,16,4],
                    "texture": "#log"
                },
                "down": {
                    "uv": [0,4,16,8],
                    "texture": "#lit_log"
                },
                "west": {
                    "uv": [0,4,4,8],
                    "texture": "#log"
                },
                "east": {
                    "uv": [0,4,4,8],
                    "texture": "#log"
                },
                "north": {
                    "uv": [0,0,16,4],
                    "texture": "#lit_log"
                },
                "south": {
                    "uv": [0,0,16,4],
                    "texture": "#lit_log"
                }
            }
        },
        {
            "from": [0,9,11],
            "to": [16,13,15],
            "faces": {
                "up": {
                    "uv": [0,0,16,4],
                    "texture": "#log"
                },
                "down": {
                    "uv": [0,4,16,8],
                    "texture": "#lit_log"
                },
                "west": {
                    "uv": [0,4,4,8],
                    "texture": "#log"
                },
                "east": {
                    "uv": [0,4,4,8],
                    "texture": "#log"
                },
                "north": {
                    "uv": [0,0,16,4],
                    "texture": "#lit_log"
                },
                "south": {
                    "uv": [0,0,16,4],
                    "texture": "#lit_log"
                }
            }
        },
        {
            "from": [0,2,8],
            "to": [16,18,8],
            "rotation": { "origin": [ 8, 8, 8 ], "axis": "y", "angle": 45, "rescale": true },
            "shade": false,
            "faces": {
                "north": {
                    "uv": [0,0,16,16],
                    "texture": "#fire"
                },
                "south": {
                    "uv": [0,0,16,16],
                    "texture": "#fire"
                }
            }
        },
        {
            "from": [8,2,0],
            "to": [8,18,16],
            "rotation": { "origin": [ 8, 8, 8 ], "axis": "y", "angle": 45, "rescale": true },
            "shade": false,
            "faces": {
                "west": {
                    "uv": [0,0,16,16],
                    "texture": "#fire"
                },
                "east": {
                    "uv": [0,0,16,16],
                    "texture": "#fire"
                }
            }
        }
    ]
}