{
	"variants": {
		"rotation=0": {
			"model": "block/sign/warped_0",
			"y": 180
		},
		"rotation=1": {
			"model": "block/sign/warped_1",
			"y": 180
		},
		"rotation=2": {
			"model": "block/sign/warped_2",
			"y": 270
		},
		"rotation=3": {
			"model": "block/sign/warped_3",
			"y": 270
		},
		"rotation=4": {
			"model": "block/sign/warped_0",
			"y": 270
		},
		"rotation=5": {
			"model": "block/sign/warped_1",
			"y": 270
		},
		"rotation=6": {
			"model": "block/sign/warped_2"
		},
		"rotation=7": {
			"model": "block/sign/warped_3"
		},
		"rotation=8": {
			"model": "block/sign/warped_0"
		},
		"rotation=9": {
			"model": "block/sign/warped_1"
		},
		"rotation=10": {
			"model": "block/sign/warped_2",
			"y": 90
		},
		"rotation=11": {
			"model": "block/sign/warped_3",
			"y": 90
		},
		"rotation=12": {
			"model": "block/sign/warped_0",
			"y": 90
		},
		"rotation=13": {
			"model": "block/sign/warped_1",
			"y": 90
		},
		"rotation=14": {
			"model": "block/sign/warped_2",
			"y": 180
		},
		"rotation=15": {
			"model": "block/sign/warped_3",
			"y": 180
		}
	}
}