{"stats":{"minecraft:used":{"minecraft:redstone_torch":254,"minecraft:sticky_piston":21,"minecraft:lever":49,"minecraft:black_wool":32,"minecraft:repeater":74,"minecraft:redstone_lamp":169,"minecraft:comparator":3,"minecraft:red_wool":75,"minecraft:iron_block":305,"minecraft:light_blue_wool":266,"minecraft:redstone":262,"minecraft:lime_wool":200,"minecraft:stone_button":18,"minecraft:oak_sign":24,"minecraft:orange_wool":101,"minecraft:smooth_stone_slab":52,"minecraft:sandstone":14,"minecraft:purple_wool":12},"minecraft:custom":{"minecraft:time_since_rest":312759,"minecraft:play_one_minute":312759,"minecraft:crouch_one_cm":2234,"minecraft:sprint_one_cm":107454,"minecraft:walk_one_cm":31207,"minecraft:sneak_time":16766,"minecraft:jump":2844,"minecraft:leave_game":9,"minecraft:time_since_death":312759,"minecraft:fly_one_cm":3726390}},"DataVersion":2586}