{
    "variants": {
        "facing=east": [
            { "model": "block/carved_pumpkin/carved_pumpkin", "y": 90, "weight": 5 },
            { "model": "block/carved_pumpkin/carved_pumpkin1", "y": 90, "weight": 5 },
            { "model": "block/carved_pumpkin/carved_pumpkin2", "y": 90, "weight": 5 },
            { "model": "block/carved_pumpkin/carved_pumpkin3", "y": 90, "weight": 5 },
            { "model": "block/carved_pumpkin/carved_pumpkin4", "y": 90, "weight": 1 },
            { "model": "block/carved_pumpkin/carved_pumpkin5", "y": 90, "weight": 5 }
        ],
        "facing=north": [
            { "model": "block/carved_pumpkin/carved_pumpkin", "weight": 5 },
            { "model": "block/carved_pumpkin/carved_pumpkin1", "weight": 5 },
            { "model": "block/carved_pumpkin/carved_pumpkin2", "weight": 5 },
            { "model": "block/carved_pumpkin/carved_pumpkin3", "weight": 5 },
            { "model": "block/carved_pumpkin/carved_pumpkin4", "weight": 1 },
            { "model": "block/carved_pumpkin/carved_pumpkin5", "weight": 5 }
        ],
        "facing=south": [
            { "model": "block/carved_pumpkin/carved_pumpkin", "y": 180, "weight": 5 },
            { "model": "block/carved_pumpkin/carved_pumpkin1", "y": 180, "weight": 5 },
            { "model": "block/carved_pumpkin/carved_pumpkin2", "y": 180, "weight": 5 },
            { "model": "block/carved_pumpkin/carved_pumpkin3", "y": 180, "weight": 5 },
            { "model": "block/carved_pumpkin/carved_pumpkin4", "y": 180, "weight": 1 },
            { "model": "block/carved_pumpkin/carved_pumpkin5", "y": 180, "weight": 5 }
        ],
        "facing=west": [
            { "model": "block/carved_pumpkin/carved_pumpkin", "y": 270, "weight": 5 },
            { "model": "block/carved_pumpkin/carved_pumpkin1", "y": 270, "weight": 5 },
            { "model": "block/carved_pumpkin/carved_pumpkin2", "y": 270, "weight": 5 },
            { "model": "block/carved_pumpkin/carved_pumpkin3", "y": 270, "weight": 5 },
            { "model": "block/carved_pumpkin/carved_pumpkin4", "y": 270, "weight": 1 },
            { "model": "block/carved_pumpkin/carved_pumpkin5", "y": 270, "weight": 5 }
        ]
    }
}
