{
    "variants": {
        "": [
            { "model": "block/end_stone/end_stone", "weight": 600 },
            { "model": "block/end_stone/end_stone1", "weight": 1 },
            { "model": "block/end_stone/end_stone2", "weight": 2 },
            { "model": "block/end_stone/end_stone3", "weight": 2 },
            { "model": "block/end_stone/end_stone", "y": 90, "weight": 600 },
            { "model": "block/end_stone/end_stone1", "y": 90, "weight": 1 },
            { "model": "block/end_stone/end_stone2", "y": 90, "weight": 2 },
            { "model": "block/end_stone/end_stone3", "y": 90, "weight": 2 },
            { "model": "block/end_stone/end_stone", "y": 180, "weight": 600 },
            { "model": "block/end_stone/end_stone1", "y": 180, "weight": 1 },
            { "model": "block/end_stone/end_stone2", "y": 180, "weight": 2 },
            { "model": "block/end_stone/end_stone3", "y": 180, "weight": 2 },
            { "model": "block/end_stone/end_stone", "y": 270, "weight": 600 },
            { "model": "block/end_stone/end_stone1", "y": 270, "weight": 1 },
            { "model": "block/end_stone/end_stone2", "y": 270, "weight": 2 },
            { "model": "block/end_stone/end_stone3", "y": 270, "weight": 2 }
        ]
    }
}
