{
    "variants": {
        "": [
            { "model": "block/spooky_decor/small_carved_pumpkin", "weight": 1 },
            { "model": "block/spooky_decor/small_carved_pumpkin", "y": 90, "weight": 1 },
            { "model": "block/spooky_decor/small_carved_pumpkin", "y": 180, "weight": 1 },
            { "model": "block/spooky_decor/small_carved_pumpkin", "y": 270, "weight": 1 },
            { "model": "block/spooky_decor/small_carved_soul_pumpkin", "weight": 1 },
            { "model": "block/spooky_decor/small_carved_soul_pumpkin", "y": 90, "weight": 1 },
            { "model": "block/spooky_decor/small_carved_soul_pumpkin", "y": 180, "weight": 1 },
            { "model": "block/spooky_decor/small_carved_soul_pumpkin", "y": 270, "weight": 1 }
        ]
    }
}
